B慢性淋巴细胞白血病/小淋巴细胞淋巴瘤实验诊断,https://www.baikemy.com/disease/detail/42812194361857
慢性髓细胞白血病伴BCR-ABL1阳性实验诊断,https://www.baikemy.com/disease/detail/42812065874177
Williams-Beuren综合征实验诊断,https://www.baikemy.com/disease/detail/42941802268673
Wolf-Hirschhorn综合征实验诊断,https://www.baikemy.com/disease/detail/42941802353921
Langer-Giedion综合征实验诊断,https://www.baikemy.com/disease/detail/42941801791489
伴重现性遗传学异常急性髓系白血病实验诊断,https://www.baikemy.com/disease/detail/42812169798657
Miller-Dieker综合征实验诊断,https://www.baikemy.com/disease/detail/42941801893889
Smith-Magenis综合征实验诊断,https://www.baikemy.com/disease/detail/42941802174209
Prader Willi综合征实验诊断,https://www.baikemy.com/disease/detail/42941802083073
耐甲氧西林金黄色葡萄球菌基因扩增检测,https://www.baikemy.com/disease/detail/42941465394945
葡萄糖-6-磷酸脱氢酶缺乏症实验诊断,https://www.baikemy.com/disease/detail/42812131345665
46，XY性腺发育不全综合征实验诊断,https://www.baikemy.com/disease/detail/42941801492737
艾滋病病毒抗体(人类免疫缺陷病毒),https://www.baikemy.com/disease/detail/35155163459329
T细胞大颗粒淋巴细胞白血病实验诊断,https://www.baikemy.com/disease/detail/42812194864129
苯甲酰-酪氨酰-对氨基苯甲酸试验,https://www.baikemy.com/disease/detail/42724237517825
肺癌肿瘤标记物检查：组织多肽抗原,https://www.baikemy.com/disease/detail/34891417006849
甲状腺激素(T4或T3)抑制试验,https://www.baikemy.com/disease/detail/34911626772225
O157型大肠埃希菌基因扩增检测,https://www.baikemy.com/disease/detail/42941801987841
涎腺多形性腺（混合瘤）瘤超声检查,https://www.baikemy.com/disease/detail/31175754244609
X-连锁无丙种球蛋白血症实验诊断,https://www.baikemy.com/disease/detail/42941802460417
荧光标记单克隆抗体检查衣原体抗原,https://www.baikemy.com/disease/detail/34166392158721
阵发性睡眠性血红蛋白尿症实验诊断,https://www.baikemy.com/disease/detail/42812133975553
正电子发射体层显像计算机体层扫描,https://www.baikemy.com/disease/detail/42941789031681
单纯疱疹病毒Ⅱ型IgM抗体测定,https://www.baikemy.com/disease/detail/31957797984257
DiGeorge综合征实验诊断,https://www.baikemy.com/disease/detail/42941801594369
肺癌肿瘤标记物检查：细胞角蛋白,https://www.baikemy.com/disease/detail/34891374672897
核周型抗中性粒细胞胞浆抗体检测,https://www.baikemy.com/disease/detail/41025175606017
急性髓系白血病伴成熟型实验诊断,https://www.baikemy.com/disease/detail/42812063508993
急性髓系白血病微分化型实验诊断,https://www.baikemy.com/disease/detail/42812063722753
急性髓系白血病未成熟型实验诊断,https://www.baikemy.com/disease/detail/42812063836929
寄生虫感染斑点ELISA法检测,https://www.baikemy.com/disease/detail/42941464130561
慢性淋巴细胞性甲状腺炎超声检查,https://www.baikemy.com/disease/detail/34890792681473
前列腺超声引导下穿刺病理活检术,https://www.baikemy.com/disease/detail/30864013724673
遗传性球形红细胞增多症实验诊断,https://www.baikemy.com/disease/detail/42812133449473
先天性胆总管囊性扩张症超声检查,https://www.baikemy.com/disease/detail/30864140266753
13-三体综合征实验筛查及诊断,https://www.baikemy.com/disease/detail/42941801307649
Burkitt淋巴瘤实验诊断,https://www.baikemy.com/disease/detail/42812194476033
传染性单核细胞增多症实验诊断,https://www.baikemy.com/disease/detail/42812170072833
获得性免疫缺陷综合征实验诊断,https://www.baikemy.com/disease/detail/42593098275329
结肠直肠拭子、粪便培养+药敏,https://www.baikemy.com/disease/detail/34872638429697
急性粒-单细胞白血病实验诊断,https://www.baikemy.com/disease/detail/42812063303169
假性肥大型肌营养不良实验诊断,https://www.baikemy.com/disease/detail/42941464459777
抗肝细胞溶质抗原I型抗体检测,https://www.baikemy.com/disease/detail/42724299111937
脑脊液圆盘电泳寡克隆区带检测,https://www.baikemy.com/disease/detail/34890084578817
全血黏度（切变率：38.3）,https://www.baikemy.com/disease/detail/34159916575233
RetCam数字视网膜照相机,https://www.baikemy.com/disease/detail/26019181704449
人类免疫缺陷病毒基因扩增检测,https://www.baikemy.com/disease/detail/42941645211649
神经/神经肌肉性疾病分子诊断,https://www.baikemy.com/disease/detail/42812090415873
生殖道沙眼衣原体感染抗原检测,https://www.baikemy.com/disease/detail/42812090741505
肾上腺皮质功能减退症实验诊断,https://www.baikemy.com/disease/detail/42941645690881
血管内超声虚拟组织多普勒显像,https://www.baikemy.com/disease/detail/42593411427329
原发性甲状腺功能亢进超声检查,https://www.baikemy.com/disease/detail/31175674653953
胰岛素-C肽测定及其释放试验,https://www.baikemy.com/disease/detail/34668587225857
支气管肺泡灌洗液微生物学检查,https://www.baikemy.com/disease/detail/42812056288769
珠蛋白生成障碍性贫血实验诊断,https://www.baikemy.com/disease/detail/42812172910081
胞浆型抗中性粒细胞胞浆抗体,https://www.baikemy.com/disease/detail/41025111018497
促胰液素胰腺外分泌功能试验,https://www.baikemy.com/disease/detail/34891012824577
单光子发射计算机化断层显像,https://www.baikemy.com/disease/detail/19074998085377
多发性肌炎/皮肌炎实验诊断,https://www.baikemy.com/disease/detail/42593097627393
儿童呼吸道感染常见病毒检测,https://www.baikemy.com/disease/detail/42941190674433
非酒精性脂肪性肝病实验诊断,https://www.baikemy.com/disease/detail/42724238283521
非梅毒螺旋体抗原血清学试验,https://www.baikemy.com/disease/detail/42941190885377
腹部计算机体层扫描血管造影,https://www.baikemy.com/disease/detail/42941192332033
骨髓增生异常综合征实验诊断,https://www.baikemy.com/disease/detail/42812056819713
红细胞6-磷酸葡萄糖脱氢酶,https://www.baikemy.com/disease/detail/34872581553153
急性化脓性甲状腺炎超声检查,https://www.baikemy.com/disease/detail/31156798484225
甲状腺先天发育异常超声检查,https://www.baikemy.com/disease/detail/31157203271681
急性单核细胞白血病实验诊断,https://www.baikemy.com/disease/detail/42812057795073
急性巨核细胞白血病实验诊断,https://www.baikemy.com/disease/detail/42812063213313
急性淋巴细胞白血病实验诊断,https://www.baikemy.com/disease/detail/42812063401985
急性未定系列白血病实验诊断,https://www.baikemy.com/disease/detail/42812063937537
寄生虫感染的分子生物学检测,https://www.baikemy.com/disease/detail/42941464252673
抗杀菌性通透性增高蛋白抗体,https://www.baikemy.com/disease/detail/42593099199489
抗可提取性核抗原抗体谱检测,https://www.baikemy.com/disease/detail/42724299410177
类风湿关节炎相关核抗原抗体,https://www.baikemy.com/disease/detail/34672292263169
免疫性血小板减少症实验诊断,https://www.baikemy.com/disease/detail/42812171005953
浓度梯度纸条扩散法药敏试验,https://www.baikemy.com/disease/detail/42812066327553
全血黏度（切变率3.83）,https://www.baikemy.com/disease/detail/34159583471105
上消化道钡餐透视和胃镜检查,https://www.baikemy.com/disease/detail/19076757007361
肾超声引导下穿刺病理活检术,https://www.baikemy.com/disease/detail/30688110118913
特异性抗体人毛膜促性腺激素,https://www.baikemy.com/disease/detail/35510027525377
血清铁、总铁结合力及饱合度,https://www.baikemy.com/disease/detail/34142321445121
细胞色素P-450基因分型,https://www.baikemy.com/disease/detail/42812091646977
荧光梅毒螺旋体抗体吸收试验,https://www.baikemy.com/disease/detail/34166475612929
原发性胆汁性肝硬化实验诊断,https://www.baikemy.com/disease/detail/42593124580865
原发性血小板增多症实验诊断,https://www.baikemy.com/disease/detail/42812194151937
原发性醛固酮增多症实验诊断,https://www.baikemy.com/disease/detail/42941788941569
白细胞黏附缺陷症实验诊断,https://www.baikemy.com/disease/detail/42724237436673
成人T细胞白血病实验诊断,https://www.baikemy.com/disease/detail/42812055988225
多发性内分泌肿瘤超声检查,https://www.baikemy.com/disease/detail/31156439193601
单纯疱疹病毒直接涂片检查,https://www.baikemy.com/disease/detail/31958415898881
丁型病毒性肝炎标志物检测,https://www.baikemy.com/disease/detail/42724238069249
单纯疱疹病毒基因扩增检测,https://www.baikemy.com/disease/detail/42941190190081
关节腔液白细胞计数和分类,https://www.baikemy.com/disease/detail/31067341921281
骨髓与血细胞免疫表型分析,https://www.baikemy.com/disease/detail/42812056714241
IgG24小时鞘内合成率,https://www.baikemy.com/disease/detail/34145577364225
甲状腺功能减退症超声检查,https://www.baikemy.com/disease/detail/31157107595265
局部免疫复合物病实验诊断,https://www.baikemy.com/disease/detail/42593098807041
甲状腺功能减退症实验诊断,https://www.baikemy.com/disease/detail/42812064232449
甲状腺功能亢进症实验诊断,https://www.baikemy.com/disease/detail/42812064316161
结核分枝杆菌基因扩增检测,https://www.baikemy.com/disease/detail/42941464549889
继发性免疫缺陷病实验诊断,https://www.baikemy.com/disease/detail/42968838500609
抗中性粒细胞胞浆抗体测定,https://www.baikemy.com/disease/detail/31969369326337
抗链球菌溶血素“O”试验,https://www.baikemy.com/disease/detail/34248242325505
抗去唾液酸糖蛋白受体抗体,https://www.baikemy.com/disease/detail/34699588037633
抗人球蛋白试验（间接法）,https://www.baikemy.com/disease/detail/35508991203585
抗人球蛋白试验（直接法）,https://www.baikemy.com/disease/detail/35509033577473
淋巴结反应性增生超声检查,https://www.baikemy.com/disease/detail/30687626377985
梅毒螺旋体抗原血清学试验,https://www.baikemy.com/disease/detail/42812066077185
弥散性血管内凝血实验诊断,https://www.baikemy.com/disease/detail/42812170911745
全血黏度（切变率192）,https://www.baikemy.com/disease/detail/34159999724033
前驱淋巴细胞肿瘤实验诊断,https://www.baikemy.com/disease/detail/42812171532033
人类免疫缺陷病毒基因分型,https://www.baikemy.com/disease/detail/42812171850753
特发性骨髓纤维化实验诊断,https://www.baikemy.com/disease/detail/42812091273729
先天性输尿管异常超声检查,https://www.baikemy.com/disease/detail/30688569658881
先天性肾发育异常超声检查,https://www.baikemy.com/disease/detail/31175248000769
纤维蛋白（原）降解产物 ,https://www.baikemy.com/disease/detail/34142711033089
限水试验及垂体后叶素试验,https://www.baikemy.com/disease/detail/35510071125505
新生儿释放抗体、脐血三项,https://www.baikemy.com/disease/detail/35510135471105
血浆组织型纤溶酶原激活物,https://www.baikemy.com/disease/detail/42812131694081
氧化修饰低密度脂蛋白测定,https://www.baikemy.com/disease/detail/34166141569025
幼淋巴细胞白血病实验诊断,https://www.baikemy.com/disease/detail/42812193952769
幽门螺杆菌分子生物学检查,https://www.baikemy.com/disease/detail/42968840044545
幽门螺杆菌快速尿素酶试验,https://www.baikemy.com/disease/detail/42968840423425
原发性免疫缺陷病实验诊断,https://www.baikemy.com/disease/detail/42968840998913
组织、深部脓液厌氧菌培养,https://www.baikemy.com/disease/detail/31970764260609
组织型纤溶酶原激活剂测定,https://www.baikemy.com/disease/detail/34166918241537
组织型纤溶酶原抑制剂测定,https://www.baikemy.com/disease/detail/34166979183617
支气管肺泡灌洗液细胞分类,https://www.baikemy.com/disease/detail/34891463961857
自身免疫肝病相关抗体检测,https://www.baikemy.com/disease/detail/42593124994561
中枢神经系统感染实验诊断,https://www.baikemy.com/disease/detail/42724313349633
真性红细胞增多症实验诊断,https://www.baikemy.com/disease/detail/42812133836289
18-三体综合征实验诊断,https://www.baikemy.com/disease/detail/42941801398785
白细胞分类计数（成人）,https://www.baikemy.com/disease/detail/30952652073985
B淋巴细胞分化抗原检测,https://www.baikemy.com/disease/detail/42593125520385
病原微生物基因扩增检测,https://www.baikemy.com/disease/detail/42941189822977
常见吸入物过敏过筛试验,https://www.baikemy.com/disease/detail/34146029164801
超广谱β-内酰胺酶检测,https://www.baikemy.com/disease/detail/42812055882753
单纯性甲状腺肿超声检查,https://www.baikemy.com/disease/detail/30842237831169
单纯疱疹病毒IgG检测,https://www.baikemy.com/disease/detail/31957847081473
单纯疱疹病毒IgM检测,https://www.baikemy.com/disease/detail/31957888881409
肺炎支原体基因扩增检测,https://www.baikemy.com/disease/detail/42941191028481
粪便幽门螺杆菌抗原检测,https://www.baikemy.com/disease/detail/42968840154881
肝损害的酶蛋白活性检测,https://www.baikemy.com/disease/detail/42593097918721
肝病并发肾功能损害试验,https://www.baikemy.com/disease/detail/42724238604545
肝脏蛋白质合成功能试验,https://www.baikemy.com/disease/detail/42724239004929
弓形虫感染的免疫学检测,https://www.baikemy.com/disease/detail/42941463070465
II型超敏反应实验诊断,https://www.baikemy.com/disease/detail/42593126624513
IV型超敏反应实验诊断,https://www.baikemy.com/disease/detail/42593127120897
结核性淋巴结炎超声检查,https://www.baikemy.com/disease/detail/31157312374785
结节性甲状腺肿超声检查,https://www.baikemy.com/disease/detail/31157644362241
经直肠前列腺超声检查术,https://www.baikemy.com/disease/detail/31173863900929
结核菌（分枝杆菌）培养,https://www.baikemy.com/disease/detail/31959343094273
巨细胞病毒抗原血症测定,https://www.baikemy.com/disease/detail/31959545780225
激活的部分凝血活酶时间,https://www.baikemy.com/disease/detail/34143485341441
甲状腺吸碘-131试验,https://www.baikemy.com/disease/detail/34158577195521
甲型肝炎病毒抗体IgM,https://www.baikemy.com/disease/detail/35155385827585
急性髓系白血病实验诊断,https://www.baikemy.com/disease/detail/42812063614977
浆膜腔积液有形成分分析,https://www.baikemy.com/disease/detail/42812064837377
脊髓性肌萎缩症实验诊断,https://www.baikemy.com/disease/detail/42941464017665
巨细胞病毒基因扩增检测,https://www.baikemy.com/disease/detail/42941464647937
抗肝-肾微粒体抗体测定,https://www.baikemy.com/disease/detail/31959595191809
抗线粒体M2型抗体测定,https://www.baikemy.com/disease/detail/31959658720513
快速梅毒螺旋体反应素试,https://www.baikemy.com/disease/detail/34158882250497
抗甲状腺过氧化物酶抗体,https://www.baikemy.com/disease/detail/34522175668737
抗组织蛋白酶G抗体检测,https://www.baikemy.com/disease/detail/41025667859713
良性前列腺增生超声检查,https://www.baikemy.com/disease/detail/31152428132609
磷酸肌酸激酶同工酶电泳,https://www.baikemy.com/disease/detail/31575889369089
淋球菌镜检（革兰染色）,https://www.baikemy.com/disease/detail/34158945263617
良性白细胞疾病实验诊断,https://www.baikemy.com/disease/detail/42812065551361
淋病奈瑟菌基因扩增检测,https://www.baikemy.com/disease/detail/42941464963585
免疫电泳（M蛋白鉴定）,https://www.baikemy.com/disease/detail/34258290530305
梅毒螺旋体基因扩增检测,https://www.baikemy.com/disease/detail/42941465175041
平均红细胞血红蛋白浓度,https://www.baikemy.com/disease/detail/30953255262465
平均红细胞血红蛋白含量,https://www.baikemy.com/disease/detail/34475962257153
葡萄糖-6-磷酸异构酶,https://www.baikemy.com/disease/detail/34699932052481
普鲁氏蓝染色（铁染色）,https://www.baikemy.com/disease/detail/34890267277313
乳腺穿刺病理组织学检查,https://www.baikemy.com/disease/detail/42593123077121
沙眼衣原体直接涂片检查,https://www.baikemy.com/disease/detail/31969949770753
神经节苷脂抗体含量测定,https://www.baikemy.com/disease/detail/34890493247745
噬血细胞综合征实验诊断,https://www.baikemy.com/disease/detail/42812172028929
沙眼衣原体基因扩增检测,https://www.baikemy.com/disease/detail/42941645478657
肾移植术后常规监测项目,https://www.baikemy.com/disease/detail/42968992242689
T淋巴细胞分化抗原检测,https://www.baikemy.com/disease/detail/42593127377665
血液培养及无菌体液培养,https://www.baikemy.com/disease/detail/31970214879489
新型隐球菌乳胶凝集试验,https://www.baikemy.com/disease/detail/34259197629697
血管性假血友病因子抗原,https://www.baikemy.com/disease/detail/34890975034881
系统性红斑狼疮实验诊断,https://www.baikemy.com/disease/detail/42593124202753
新生儿溶血病的实验诊断,https://www.baikemy.com/disease/detail/42812093119233
血浆纤溶酶原激活抑制剂,https://www.baikemy.com/disease/detail/42812131457281
X-三体综合征实验诊断,https://www.baikemy.com/disease/detail/42941802562561
亚急性甲状腺炎超声检查,https://www.baikemy.com/disease/detail/30842704718337
阴道拭子普通培养＋药敏,https://www.baikemy.com/disease/detail/31970260136705
鹦鹉热衣原体IgG测定,https://www.baikemy.com/disease/detail/31970464232961
鹦鹉热衣原体IgM测定,https://www.baikemy.com/disease/detail/31970508178177
乙型肝炎病毒DNA测定,https://www.baikemy.com/disease/detail/35156618360065
阴道分泌物微生物学检查,https://www.baikemy.com/disease/detail/42724312680961
遗传性共济失调实验诊断,https://www.baikemy.com/disease/detail/42941788557825
幽门螺杆菌基因扩增检测,https://www.baikemy.com/disease/detail/42941788837377
幽门螺杆菌尿素呼气试验,https://www.baikemy.com/disease/detail/42968840521217
自身免疫性肝炎实验诊断,https://www.baikemy.com/disease/detail/42593125125633
自身免疫性疾病实验诊断,https://www.baikemy.com/disease/detail/42593125233665
自身免疫性贫血实验诊断,https://www.baikemy.com/disease/detail/42812172997633
再生障碍性贫血实验诊断,https://www.baikemy.com/disease/detail/42812194252545
左心室升主动脉连续测压,https://www.baikemy.com/disease/detail/42941789490945
肾脏弥漫性病变超声检查,https://www.baikemy.com/disease/detail/30688363806209
γ-谷氨酰基转移酶测定,https://www.baikemy.com/disease/detail/42941191655681
膀胱炎性病变超声检查,https://www.baikemy.com/disease/detail/31153901971457
补体第1成分功能测定,https://www.baikemy.com/disease/detail/34145861736705
补体第1成分抑制因子,https://www.baikemy.com/disease/detail/34145913813505
病理性脑脊液鉴别诊断,https://www.baikemy.com/disease/detail/42812055775233
丙肝病毒基因扩增检测,https://www.baikemy.com/disease/detail/42941189585665
超声引导下穿刺活检术,https://www.baikemy.com/disease/detail/30842086327553
CD55阴性细胞计数,https://www.baikemy.com/disease/detail/31957303382785
CD59阴性细胞计数,https://www.baikemy.com/disease/detail/31957400395521
常见食物过敏过筛试验,https://www.baikemy.com/disease/detail/34145996055297
纯红系白血病实验诊断,https://www.baikemy.com/disease/detail/42812057917953
脆性X综合征实验诊断,https://www.baikemy.com/disease/detail/42941189989889
大隐静脉瓣膜功能试验,https://www.baikemy.com/disease/detail/42419095591937
动脉粥样硬化实验诊断,https://www.baikemy.com/disease/detail/42812170503681
EB病毒基因扩增检测,https://www.baikemy.com/disease/detail/42941801684993
肺炎衣原体IgG检测,https://www.baikemy.com/disease/detail/31958476858113
肺炎衣原体IgM检测,https://www.baikemy.com/disease/detail/31958526297345
肺炎支原体总抗体测定,https://www.baikemy.com/disease/detail/31958705274369
非高密度脂蛋白胆固醇,https://www.baikemy.com/disease/detail/42812056079361
睾丸附睾肿瘤超声检查,https://www.baikemy.com/disease/detail/31156712971265
高铁血红蛋白定量检测,https://www.baikemy.com/disease/detail/31958961075713
高敏C-反应蛋白检测,https://www.baikemy.com/disease/detail/42812056488705
肝豆状核变性实验诊断,https://www.baikemy.com/disease/detail/42941462839553
活化部分凝血活酶时间,https://www.baikemy.com/disease/detail/31575556310017
红细胞丙酮酸激酶测定,https://www.baikemy.com/disease/detail/31959202577665
呼吸系统感染实验诊断,https://www.baikemy.com/disease/detail/42724239090689
霍奇金淋巴瘤实验诊断,https://www.baikemy.com/disease/detail/42812057575937
亨廷顿舞蹈病实验诊断,https://www.baikemy.com/disease/detail/42941463499777
I型超敏反应实验诊断,https://www.baikemy.com/disease/detail/42593126492929
精索静脉曲张超声检查,https://www.baikemy.com/disease/detail/31152358160385
甲状旁腺囊肿超声检查,https://www.baikemy.com/disease/detail/31156919954945
甲状旁腺腺瘤超声检查,https://www.baikemy.com/disease/detail/31156960422913
甲状旁腺增生超声检查,https://www.baikemy.com/disease/detail/31157022334209
甲状舌管囊肿超声检查,https://www.baikemy.com/disease/detail/31157069932289
巨细胞病毒IgG检测,https://www.baikemy.com/disease/detail/31959407123201
巨细胞病毒IgM检测,https://www.baikemy.com/disease/detail/31959479261185
经内镜逆行胰胆管造影,https://www.baikemy.com/disease/detail/34872203536641
经皮肝穿刺活组织检查,https://www.baikemy.com/disease/detail/39785809510145
经皮肝脏活组织穿刺术,https://www.baikemy.com/disease/detail/42543058634497
巨球蛋白血症实验诊断,https://www.baikemy.com/disease/detail/42593098928641
极低密度脂蛋白胆固醇,https://www.baikemy.com/disease/detail/42594711004417
浆膜腔积液物理学检查,https://www.baikemy.com/disease/detail/42724239630337
结核分枝杆菌涂片检查,https://www.baikemy.com/disease/detail/42724239871489
浆细胞骨髓瘤实验诊断,https://www.baikemy.com/disease/detail/42812064934145
巨幼细胞贫血实验诊断,https://www.baikemy.com/disease/detail/42812170724353
快速红斑狼疮因子试验,https://www.baikemy.com/disease/detail/31969428594433
抗β2-糖蛋白1抗体,https://www.baikemy.com/disease/detail/34671669694977
抗增殖细胞核抗原抗体,https://www.baikemy.com/disease/detail/34672656556801
抗P80螺旋蛋白抗体,https://www.baikemy.com/disease/detail/34698981260801
抗肝细胞胞质1型抗体,https://www.baikemy.com/disease/detail/34699360144641
抗可提取性核抗原抗体,https://www.baikemy.com/disease/detail/35155766631681
抗线粒体2型抗体检测,https://www.baikemy.com/disease/detail/41023304334849
抗弹性蛋白酶抗体检测,https://www.baikemy.com/disease/detail/41023393647361
抗U1RNP抗体检测,https://www.baikemy.com/disease/detail/41025304585729
抗脱氧核糖核蛋白抗体,https://www.baikemy.com/disease/detail/42968838608641
抗生素相关性腹泻检查,https://www.baikemy.com/disease/detail/42971696254977
淋巴结转移癌超声检查,https://www.baikemy.com/disease/detail/31152572750337
流行性腮腺炎超声检查,https://www.baikemy.com/disease/detail/31152647576577
来氟米特药物浓度检测,https://www.baikemy.com/disease/detail/35154770217729
类风湿关节炎实验诊断,https://www.baikemy.com/disease/detail/42593099340033
淋巴细胞分化抗原检测,https://www.baikemy.com/disease/detail/42593099450881
类白血病反应实验诊断,https://www.baikemy.com/disease/detail/42812065325569
类脂质沉积病实验诊断,https://www.baikemy.com/disease/detail/42812065445633
梅毒螺旋体暗视野检查,https://www.baikemy.com/disease/detail/34159088315649
毛细胞白血病实验诊断,https://www.baikemy.com/disease/detail/42812065991937
黏液表皮样癌超声检查,https://www.baikemy.com/disease/detail/31157785803521
脑脊液普通培养＋药敏,https://www.baikemy.com/disease/detail/31969652142081
尿标本涂片查抗酸杆菌,https://www.baikemy.com/disease/detail/32372598377985
尿聚丙烯酰胺凝胶电泳,https://www.baikemy.com/disease/detail/35156097476353
皮肤间接免疫荧光试验,https://www.baikemy.com/disease/detail/34159346772481
皮肤直接免疫荧光试验,https://www.baikemy.com/disease/detail/34159382122241
前列腺液淀粉样体检测,https://www.baikemy.com/disease/detail/34667475434753
前列腺液微生物学检查,https://www.baikemy.com/disease/detail/42724310552065
前列腺液有形成分分析,https://www.baikemy.com/disease/detail/42724310760961
强直性脊柱炎实验诊断,https://www.baikemy.com/disease/detail/42968839258113
乳腺乳头状瘤超声检查,https://www.baikemy.com/disease/detail/31174720063745
乳腺纤维腺瘤超声检查,https://www.baikemy.com/disease/detail/31174771246849
乳酸脱氢酶同工酶电泳,https://www.baikemy.com/disease/detail/31601498817025
人类免疫缺陷病毒抗体,https://www.baikemy.com/disease/detail/34700761970433
乳腺钼靶X线摄影检查,https://www.baikemy.com/disease/detail/42593123208961
实时动态血糖监测技术,https://www.baikemy.com/disease/detail/23698060749825
肾钙盐沉着症超声检查,https://www.baikemy.com/disease/detail/30688168758017
嗜酸性粒细胞直接计数,https://www.baikemy.com/disease/detail/31072286570753
沙眼衣原体IgG测定,https://www.baikemy.com/disease/detail/31969836491265
沙眼衣原体IgM测定,https://www.baikemy.com/disease/detail/31969893730305
神经元特异性烯醇化酶,https://www.baikemy.com/disease/detail/34143860251905
髓鞘碱性蛋白含量测定,https://www.baikemy.com/disease/detail/34890656241153
输血不良反应实验诊断,https://www.baikemy.com/disease/detail/42812090845697
天门冬氨酸氨基转移酶,https://www.baikemy.com/disease/detail/31601682675201
痰标本涂片查抗酸杆菌,https://www.baikemy.com/disease/detail/32372658573569
唾液β2微球蛋白浓度,https://www.baikemy.com/disease/detail/34160493053185
糖类抗原15-3检测,https://www.baikemy.com/disease/detail/42593123770113
糖类抗原72-4检测,https://www.baikemy.com/disease/detail/42593123932161
维生素B12吸收试验,https://www.baikemy.com/disease/detail/42543061391361
外周血细胞形态学检查,https://www.baikemy.com/disease/detail/42812172348673
外周血染色体核型分析,https://www.baikemy.com/disease/detail/42941644891393
涎腺良性肥大超声检查,https://www.baikemy.com/disease/detail/31175410168065
细菌性阴道炎快速检测,https://www.baikemy.com/disease/detail/34160664207617
血管性血友病实验诊断,https://www.baikemy.com/disease/detail/42812093322753
血小板无力症实验诊断,https://www.baikemy.com/disease/detail/42812132526337
XYY综合征实验诊断,https://www.baikemy.com/disease/detail/42941802664193
游离三碘甲状腺原氨酸,https://www.baikemy.com/disease/detail/34259428535041
乙型肝炎病毒表面抗体,https://www.baikemy.com/disease/detail/35156757705985
乙型肝炎病毒核心抗体,https://www.baikemy.com/disease/detail/35157167852289
药物负荷心肌灌注显像,https://www.baikemy.com/disease/detail/42593411800833
运动负荷心肌灌注显像,https://www.baikemy.com/disease/detail/42593411931393
阴道分泌物物理学检查,https://www.baikemy.com/disease/detail/42724312781825
乙肝病毒基因扩增检测,https://www.baikemy.com/disease/detail/42812193838849
胰胆管内内镜超声检查,https://www.baikemy.com/disease/detail/42941788354561
幽门螺杆菌血清学检测,https://www.baikemy.com/disease/detail/42968840755201
幽门螺杆菌组织学检查,https://www.baikemy.com/disease/detail/42968840889857
组织多普勒超声心动图,https://www.baikemy.com/disease/detail/34500701998337
主动脉及周围动脉造影,https://www.baikemy.com/disease/detail/42593412471553
支气管肺泡灌洗液检验,https://www.baikemy.com/disease/detail/42812134075393
植入性实时心电图监测,https://www.baikemy.com/disease/detail/42941789259777
13-C尿素呼吸试验,https://www.baikemy.com/disease/detail/34145319146241
奥迪括约肌压力测定,https://www.baikemy.com/disease/detail/42724237305601
苯丙酮尿症筛查试验,https://www.baikemy.com/disease/detail/34145676270849
鼻腔分泌物涂片检查,https://www.baikemy.com/disease/detail/34145720616449
白细胞介素10检测,https://www.baikemy.com/disease/detail/41023837141505
白细胞介素17检测,https://www.baikemy.com/disease/detail/41024896312833
病毒分子生物学检测,https://www.baikemy.com/disease/detail/42812055382017
苯丙酮尿症实验诊断,https://www.baikemy.com/disease/detail/42941189496321
变形性骨炎实验诊断,https://www.baikemy.com/disease/detail/42941191132929
彩色多普勒血流成像,https://www.baikemy.com/disease/detail/30686743768065
彩色多普勒组织成像,https://www.baikemy.com/disease/detail/30841806270209
出血性疾病实验诊断,https://www.baikemy.com/disease/detail/42812169925889
床旁血流动力学监测,https://www.baikemy.com/disease/detail/42812170169857
低密度脂蛋白胆固醇,https://www.baikemy.com/disease/detail/31600092408577
第Ⅷ因子抑制物含量,https://www.baikemy.com/disease/detail/34891330695169
淀粉样变性实验诊断,https://www.baikemy.com/disease/detail/42593097500673
单核苷酸多态性检测,https://www.baikemy.com/disease/detail/42812220762369
多基因病的分子诊断,https://www.baikemy.com/disease/detail/42812220860929
多巴酚丁胺激发试验,https://www.baikemy.com/disease/detail/42941190506241
恶性淋巴瘤超声检查,https://www.baikemy.com/disease/detail/31156516880385
风疹病毒IgG检测,https://www.baikemy.com/disease/detail/31958874556673
风疹病毒IgM检测,https://www.baikemy.com/disease/detail/31958918065665
风湿性疾病实验诊断,https://www.baikemy.com/disease/detail/42593097739521
粪便寄生虫成虫检查,https://www.baikemy.com/disease/detail/42941191753729
粪便直接涂片检查法,https://www.baikemy.com/disease/detail/42941191880449
腹部计算机体层扫描,https://www.baikemy.com/disease/detail/42941192203521
睾丸附睾炎超声检查,https://www.baikemy.com/disease/detail/30842306087425
高密度脂蛋白胆固醇,https://www.baikemy.com/disease/detail/31600755407617
宫颈细胞学涂片检查,https://www.baikemy.com/disease/detail/34157541174017
肝药物代谢功能试验,https://www.baikemy.com/disease/detail/42593098030337
干燥综合征实验诊断,https://www.baikemy.com/disease/detail/42593098136065
骨髓细胞形态学检查,https://www.baikemy.com/disease/detail/42812056605697
骨质疏松症实验诊断,https://www.baikemy.com/disease/detail/42812056935681
肛门周围寄生虫检查,https://www.baikemy.com/disease/detail/42941462954497
骨关节感染实验诊断,https://www.baikemy.com/disease/detail/42941463176705
红细胞体积分布宽度,https://www.baikemy.com/disease/detail/30952778517249
红细胞渗透脆性试验,https://www.baikemy.com/disease/detail/31959273814273
红细胞分布宽度偏高,https://www.baikemy.com/disease/detail/34518690513153
红细胞自身溶血试验,https://www.baikemy.com/disease/detail/42812057355777
活化蛋白C抵抗试验,https://www.baikemy.com/disease/detail/42812057468161
活检组织寄生虫检查,https://www.baikemy.com/disease/detail/42941463846145
甲状旁腺癌超声检查,https://www.baikemy.com/disease/detail/31156868472321
甲状腺囊肿超声检查,https://www.baikemy.com/disease/detail/31157155826177
甲状腺腺瘤超声检查,https://www.baikemy.com/disease/detail/31157251444737
肌酸激酶同工酶MB,https://www.baikemy.com/disease/detail/31575829081857
肌炎特异性自身抗体,https://www.baikemy.com/disease/detail/34670748412161
精子低渗透膨胀试验,https://www.baikemy.com/disease/detail/35508886799617
接触性皮炎实验诊断,https://www.baikemy.com/disease/detail/42593098660865
酒精性肝病实验诊断,https://www.baikemy.com/disease/detail/42724298236929
浆膜腔积液化学分析,https://www.baikemy.com/disease/detail/42812064431617
寄生虫感染实验诊断,https://www.baikemy.com/disease/detail/42941464342273
抗凝血酶Ⅲ含量测定,https://www.baikemy.com/disease/detail/34158788029441
抗凝血酶Ⅲ活性测定,https://www.baikemy.com/disease/detail/34158825494785
抗谷氨酸脱羧酶抗体,https://www.baikemy.com/disease/detail/34248007072769
抗甲状腺球蛋白抗体,https://www.baikemy.com/disease/detail/34248149053697
抗甲状腺微粒体抗体,https://www.baikemy.com/disease/detail/34248194349569
口服葡萄糖耐量试验,https://www.baikemy.com/disease/detail/34522311478273
抗PM-Scl抗体,https://www.baikemy.com/disease/detail/34669379995137
抗NOR-90抗体,https://www.baikemy.com/disease/detail/34671125772801
抗RNA聚合酶抗体,https://www.baikemy.com/disease/detail/34671366585857
抗核糖体P蛋白抗体,https://www.baikemy.com/disease/detail/34672216024321
抗磷脂酰丝氨酸抗体,https://www.baikemy.com/disease/detail/34672364014081
抗髓过氧化物酶抗体,https://www.baikemy.com/disease/detail/34672471300865
抗α-胞衬蛋白抗体,https://www.baikemy.com/disease/detail/34699234948097
抗可溶性肝抗原抗体,https://www.baikemy.com/disease/detail/34699452873473
抗Scl-70抗体,https://www.baikemy.com/disease/detail/35155499655681
抗环瓜氨酸多肽抗体,https://www.baikemy.com/disease/detail/35155633773057
抗风疹病毒抗体检查,https://www.baikemy.com/disease/detail/40467407936769
抗板层相关多肽抗体,https://www.baikemy.com/disease/detail/42724298472193
抗毒蕈碱3受体抗体,https://www.baikemy.com/disease/detail/42724298829825
库欣综合征实验诊断,https://www.baikemy.com/disease/detail/42812170814465
K-ras基因突变,https://www.baikemy.com/disease/detail/42812222258177
克氏综合征实验诊断,https://www.baikemy.com/disease/detail/42941464765697
淋巴系肿瘤实验诊断,https://www.baikemy.com/disease/detail/42812065647617
慢性胰腺炎超声检查,https://www.baikemy.com/disease/detail/31152814610177
麻疹病毒IgM测定,https://www.baikemy.com/disease/detail/31969596698625
梅毒螺旋体血凝试验,https://www.baikemy.com/disease/detail/34159211351041
免疫增殖病实验诊断,https://www.baikemy.com/disease/detail/42593099589633
猫叫综合征实验诊断,https://www.baikemy.com/disease/detail/42941465075713
免疫缺陷病实验诊断,https://www.baikemy.com/disease/detail/42968839122177
脑脊液-氯化物测定,https://www.baikemy.com/disease/detail/31576039981569
脑脊液细菌涂片检查,https://www.baikemy.com/disease/detail/32372522132993
N-乙酰葡萄糖苷酶,https://www.baikemy.com/disease/detail/35154809539841
脑脊液谷氨酰胺测定,https://www.baikemy.com/disease/detail/40645091795457
脑脊液有形成分分析,https://www.baikemy.com/disease/detail/42724299739905
内分泌疾病实验检测,https://www.baikemy.com/disease/detail/42812171094017
内分泌疾病实验诊断,https://www.baikemy.com/disease/detail/42812171212801
囊性纤维化实验诊断,https://www.baikemy.com/disease/detail/42941465502209
内分泌疾病分子诊断,https://www.baikemy.com/disease/detail/42941644397057
排尿性膀胱尿道造影,https://www.baikemy.com/disease/detail/33611150913025
频谱染色体核型分析,https://www.baikemy.com/disease/detail/42941644651521
前列腺结石超声检查,https://www.baikemy.com/disease/detail/30687853352705
前列腺囊肿超声检查,https://www.baikemy.com/disease/detail/30687992726017
前列腺肉瘤超声检查,https://www.baikemy.com/disease/detail/30688065174529
前列腺液显微镜检查,https://www.baikemy.com/disease/detail/34668403993601
群体反应性抗体检测,https://www.baikemy.com/disease/detail/42593100124673
前列腺液物理学检查,https://www.baikemy.com/disease/detail/42724310660609
缺铁性贫血实验诊断,https://www.baikemy.com/disease/detail/42812090281985
日本血吸虫环卵试验,https://www.baikemy.com/disease/detail/31071293955329
乳腺淋巴瘤超声检查,https://www.baikemy.com/disease/detail/31174468895745
乳腺脂肪瘤超声检查,https://www.baikemy.com/disease/detail/31174871796225
人类白细胞抗原配型,https://www.baikemy.com/disease/detail/42812171737345
染色体易位实验诊断,https://www.baikemy.com/disease/detail/42941645107713
十二指肠引流液常规,https://www.baikemy.com/disease/detail/30672298075905
射精管囊肿超声检查,https://www.baikemy.com/disease/detail/31174955346177
肾周围血肿超声检查,https://www.baikemy.com/disease/detail/31175114967553
输尿管狭窄超声检查,https://www.baikemy.com/disease/detail/31175151442689
输尿管肿瘤超声检查,https://www.baikemy.com/disease/detail/31175206115329
嗜铬细胞瘤实验诊断,https://www.baikemy.com/disease/detail/42812171940353
肾病综合征实验诊断,https://www.baikemy.com/disease/detail/42941645596929
肾小球肾炎实验诊断,https://www.baikemy.com/disease/detail/42941645883905
T细胞、B细胞亚群,https://www.baikemy.com/disease/detail/31957740721665
痰液细胞学涂片检查,https://www.baikemy.com/disease/detail/34160340095745
T细胞亚群(CD2,CD4
糖代谢紊乱实验诊断,https://www.baikemy.com/disease/detail/42812091178497
特纳综合征实验诊断,https://www.baikemy.com/disease/detail/42941646263553
唐氏综合征实验诊断,https://www.baikemy.com/disease/detail/42946232901377
同种异基因移植检测,https://www.baikemy.com/disease/detail/42968839587841
心电图运动负荷试验,https://www.baikemy.com/disease/detail/15475778755841
血小板体积分布宽度,https://www.baikemy.com/disease/detail/30953508483841
性别决定区因子检查,https://www.baikemy.com/disease/detail/34161563929345
新型隐球菌墨汁染色,https://www.baikemy.com/disease/detail/34259146153473
血清铜氧化酶吸光度,https://www.baikemy.com/disease/detail/34891173660417
血清免疫球蛋白测定,https://www.baikemy.com/disease/detail/42543062128129
心脏放射性核素显像,https://www.baikemy.com/disease/detail/42593410843393
心脏计算机断层成像,https://www.baikemy.com/disease/detail/42593410967809
信号平均叠加心电图,https://www.baikemy.com/disease/detail/42593411147777
细菌感染病实验诊断,https://www.baikemy.com/disease/detail/42724311567105
血浆纤维蛋白原浓度,https://www.baikemy.com/disease/detail/42812131599617
血浆α2-抗纤溶酶,https://www.baikemy.com/disease/detail/42812131794689
血栓前状态实验诊断,https://www.baikemy.com/disease/detail/42812131928321
心血管疾病分子诊断,https://www.baikemy.com/disease/detail/42941787329281
血红蛋白病实验诊断,https://www.baikemy.com/disease/detail/42941787517441
消化系统磁共振成像,https://www.baikemy.com/disease/detail/42946233262593
涎腺放射性核素扫描,https://www.baikemy.com/disease/detail/42968839805185
胰岛细胞瘤超声检查,https://www.baikemy.com/disease/detail/30842962782465
异位甲状腺超声检查,https://www.baikemy.com/disease/detail/30843100015105
隐球菌乳胶凝集试验,https://www.baikemy.com/disease/detail/31970419312641
阴道细胞学涂片检查,https://www.baikemy.com/disease/detail/34166289050369
游离蛋白S含量测定,https://www.baikemy.com/disease/detail/34166519579393
鱼精蛋白副凝固试验,https://www.baikemy.com/disease/detail/34891407667969
乙型肝炎病毒e抗体,https://www.baikemy.com/disease/detail/35156661998337
乙型肝炎病毒e抗原,https://www.baikemy.com/disease/detail/35156712370177
羊水OD450试验,https://www.baikemy.com/disease/detail/35510267938305
衣原体抗原快速检测,https://www.baikemy.com/disease/detail/35870318626305
原发性肝癌分子诊断,https://www.baikemy.com/disease/detail/42812194044417
遗传性耳聋实验诊断,https://www.baikemy.com/disease/detail/42941788455681
遗传性疾病实验诊断,https://www.baikemy.com/disease/detail/42941788640001
正电子发射断层扫描,https://www.baikemy.com/disease/detail/19075181731073
中性杆状核细胞检测,https://www.baikemy.com/disease/detail/30670810386177
正常精囊腺超声检查,https://www.baikemy.com/disease/detail/30843316329729
载脂蛋白A-Ⅱ测定,https://www.baikemy.com/disease/detail/31576953372673
载脂蛋白C-Ⅱ测定,https://www.baikemy.com/disease/detail/31577012008193
载脂蛋白C-Ⅲ测定,https://www.baikemy.com/disease/detail/31577074718209
直接抗人球蛋白试验,https://www.baikemy.com/disease/detail/31970710231297
肿瘤坏死因子α检测,https://www.baikemy.com/disease/detail/41025723097857
支气管哮喘实验诊断,https://www.baikemy.com/disease/detail/42593124714753
纸片扩散法药敏试验,https://www.baikemy.com/disease/detail/42945427113729
窄带内镜（NBI）,https://www.baikemy.com/disease/detail/42968841092609
12小时尿沉渣计数,https://www.baikemy.com/disease/detail/30671972571649
肾囊性疾病超声检查,https://www.baikemy.com/disease/detail/30688285763073
24小时尿蛋白定量,https://www.baikemy.com/disease/detail/31065868913153
24小时尿糖定量 ,https://www.baikemy.com/disease/detail/31066026586113
α-醋酸萘酯酶染色,https://www.baikemy.com/disease/detail/34890557255425
艾滋病实验室检查,https://www.baikemy.com/disease/detail/12377588451585
ApoE基因分型,https://www.baikemy.com/disease/detail/42812222113025
膀胱憩室超声检查,https://www.baikemy.com/disease/detail/31152859670273
膀胱异物超声检查,https://www.baikemy.com/disease/detail/31155652714497
膀胱肿瘤超声检查,https://www.baikemy.com/disease/detail/31155717985793
布氏杆菌凝集试验,https://www.baikemy.com/disease/detail/34247756791809
膀胱残余尿量测定,https://www.baikemy.com/disease/detail/34700700214785
丙型肝炎病毒抗体,https://www.baikemy.com/disease/detail/35155327491841
变形杆菌凝集反应,https://www.baikemy.com/disease/detail/36084705202433
白细胞介素2检测,https://www.baikemy.com/disease/detail/41023580877569
白细胞介素4检测,https://www.baikemy.com/disease/detail/41023690696961
白细胞介素6检测,https://www.baikemy.com/disease/detail/41023785943297
病毒感染实验诊断,https://www.baikemy.com/disease/detail/42812055472897
病毒增殖指标检测,https://www.baikemy.com/disease/detail/42812055677697
病毒分离培养鉴定,https://www.baikemy.com/disease/detail/42941189698817
半乳甘露聚糖检测,https://www.baikemy.com/disease/detail/42946232546305
促甲状腺受体抗体,https://www.baikemy.com/disease/detail/34146123177729
促胰液素放免试验,https://www.baikemy.com/disease/detail/34890907218945
促胰液素激发实验,https://www.baikemy.com/disease/detail/34890962631681
促肾上腺皮质激素,https://www.baikemy.com/disease/detail/35508639406081
超敏反应实验诊断,https://www.baikemy.com/disease/detail/42593096806657
磁共振胰胆管造影,https://www.baikemy.com/disease/detail/42593096935169
产检血HCG检查,https://www.baikemy.com/disease/detail/42941787837697
胆道蛔虫超声检查,https://www.baikemy.com/disease/detail/30686842155521
胆管结石超声检查,https://www.baikemy.com/disease/detail/30686935604993
胆囊结石超声检查,https://www.baikemy.com/disease/detail/30687104574721
胆囊息肉超声检查,https://www.baikemy.com/disease/detail/30687155936513
多普勒超声心动图,https://www.baikemy.com/disease/detail/34499415145217
动态胃内pH监测,https://www.baikemy.com/disease/detail/42724238167297
低血糖症实验诊断,https://www.baikemy.com/disease/detail/42812170316801
DNA甲基化检测,https://www.baikemy.com/disease/detail/42945408599041
EGFR基因突变,https://www.baikemy.com/disease/detail/42811926430209
分枝杆菌快速培养,https://www.baikemy.com/disease/detail/31958753605889
负荷心肌灌注显像,https://www.baikemy.com/disease/detail/34499622789633
肝血管瘤超声检查,https://www.baikemy.com/disease/detail/30687418859777
睾丸扭转超声检查,https://www.baikemy.com/disease/detail/30842446072065
谷氨酸氨基转移酶,https://www.baikemy.com/disease/detail/31600813723649
弓形虫IgG检测,https://www.baikemy.com/disease/detail/31959032822785
弓形虫IgM检测,https://www.baikemy.com/disease/detail/31959076996353
冠状动脉CT造影,https://www.baikemy.com/disease/detail/42546411984129
光学相干断层扫描,https://www.baikemy.com/disease/detail/42593410550017
过碘酸-雪夫反应,https://www.baikemy.com/disease/detail/42812057019393
红细胞游离原卟啉,https://www.baikemy.com/disease/detail/34893301337601
活化的蛋白C抵抗,https://www.baikemy.com/disease/detail/34893340518913
环扫内镜超声检查,https://www.baikemy.com/disease/detail/42941463719169
精囊结石超声检查,https://www.baikemy.com/disease/detail/31152129523457
精囊囊肿超声检查,https://www.baikemy.com/disease/detail/31152251968001
精囊肿瘤超声检查,https://www.baikemy.com/disease/detail/31152308109057
经阴道超声检查术,https://www.baikemy.com/disease/detail/31157740981249
疥虫镜检丘疹水泡,https://www.baikemy.com/disease/detail/34158741959425
经食管超声心动图,https://www.baikemy.com/disease/detail/34500084508417
精液果糖定性实验,https://www.baikemy.com/disease/detail/35508851517953
交通瓣膜功能试验,https://www.baikemy.com/disease/detail/42419096224257
精液微生物学检查,https://www.baikemy.com/disease/detail/42724240031489
激活全血凝固时间,https://www.baikemy.com/disease/detail/42812057688577
基因缺失实验诊断,https://www.baikemy.com/disease/detail/42941644801281
快速乙肝表面抗原,https://www.baikemy.com/disease/detail/31068317163009
抗肾上腺皮质抗体,https://www.baikemy.com/disease/detail/34257945569281
抗双链DNA抗体,https://www.baikemy.com/disease/detail/34257993023489
抗Th/To抗体,https://www.baikemy.com/disease/detail/34671606131713
抗核包膜蛋白抗体,https://www.baikemy.com/disease/detail/34671756575233
抗核糖核蛋白抗体,https://www.baikemy.com/disease/detail/34672121886465
抗原纤维蛋白抗体,https://www.baikemy.com/disease/detail/34672589937665
抗gp210抗体,https://www.baikemy.com/disease/detail/34698915730945
抗Sp100抗体,https://www.baikemy.com/disease/detail/34699156707841
抗肾小球基膜抗体,https://www.baikemy.com/disease/detail/34699739649537
抗SSA抗体检测,https://www.baikemy.com/disease/detail/41025235153921
抗SSB抗体检测,https://www.baikemy.com/disease/detail/41025269572865
抗核小体抗体检测,https://www.baikemy.com/disease/detail/41025383432961
抗环瓜氨酸肽抗体,https://www.baikemy.com/disease/detail/41025468086785
抗溶菌酶抗体检测,https://www.baikemy.com/disease/detail/41025625521153
抗核抗体荧光模型,https://www.baikemy.com/disease/detail/42724299222529
抗唾液腺导管抗体,https://www.baikemy.com/disease/detail/42968838710785
淋巴结炎超声检查,https://www.baikemy.com/disease/detail/31152486108673
轮状病毒抗体检测,https://www.baikemy.com/disease/detail/34522586743809
临床样本核酸分离,https://www.baikemy.com/disease/detail/42812221457921
链球菌感染后状态,https://www.baikemy.com/disease/detail/42968838970369
泪膜破裂时间检查,https://www.baikemy.com/disease/detail/42968966618369
免疫荧光抗核抗体,https://www.baikemy.com/disease/detail/42968944634625
脑脊液-蛋白测定,https://www.baikemy.com/disease/detail/31575951932673
尿含铁血黄素检测,https://www.baikemy.com/disease/detail/31969765662977
浓集结核杆菌检查,https://www.baikemy.com/disease/detail/33348571072513
凝血因子定量(Ⅱ,Ⅴ
尿β2-微球蛋白,https://www.baikemy.com/disease/detail/35154960252417
尿沉渣形态学检查,https://www.baikemy.com/disease/detail/35156035527169
脑脊液色氨酸测定,https://www.baikemy.com/disease/detail/40596293935361
脑脊液物理学检查,https://www.baikemy.com/disease/detail/42724299613697
尿液有形成分分析,https://www.baikemy.com/disease/detail/42724300637953
凝血异常分子诊断,https://www.baikemy.com/disease/detail/42812221562113
PET-CT检查,https://www.baikemy.com/disease/detail/19053737132801
脾血管瘤超声检查,https://www.baikemy.com/disease/detail/31155915389185
前列腺癌超声检查,https://www.baikemy.com/disease/detail/31174170577921
前列腺炎超声检查,https://www.baikemy.com/disease/detail/31174258718209
去甲肾上腺素检测,https://www.baikemy.com/disease/detail/35869546358529
前列腺穿刺活检术,https://www.baikemy.com/disease/detail/38793555750657
乳腺增生超声检查,https://www.baikemy.com/disease/detail/30842639312129
乳腺结核超声检查,https://www.baikemy.com/disease/detail/31174399200513
乳腺囊肿超声检查,https://www.baikemy.com/disease/detail/31174536103425
人乳头瘤病毒检测,https://www.baikemy.com/disease/detail/34700824991745
乳果糖氢呼气试验,https://www.baikemy.com/disease/detail/34890339774209
绒毛膜促性腺激素,https://www.baikemy.com/disease/detail/35509826770689
酸化血清溶血试验,https://www.baikemy.com/disease/detail/31970000426753
数字减影血管造影,https://www.baikemy.com/disease/detail/33611491898625
生长激素刺激试验,https://www.baikemy.com/disease/detail/34160297210625
三碘甲状腺原氨酸,https://www.baikemy.com/disease/detail/34258919413505
生长激素筛查试验,https://www.baikemy.com/disease/detail/34701358964481
受者预存抗体检测,https://www.baikemy.com/disease/detail/42593123650305
肾性骨病实验诊断,https://www.baikemy.com/disease/detail/42812090527233
髓系肿瘤实验诊断,https://www.baikemy.com/disease/detail/42812090935041
三维超声内镜检查,https://www.baikemy.com/disease/detail/42941645358081
肾脏疾病实验诊断,https://www.baikemy.com/disease/detail/42941645973505
双嘧达莫激发试验,https://www.baikemy.com/disease/detail/42941646070529
糖化血红蛋白测定,https://www.baikemy.com/disease/detail/34701573996801
胃-十二指肠造影,https://www.baikemy.com/disease/detail/33611598629377
胃-食管反流显像,https://www.baikemy.com/disease/detail/34872416984577
戊型肝炎病毒抗体,https://www.baikemy.com/disease/detail/35156358171649
外周血寄生虫检查,https://www.baikemy.com/disease/detail/42812172241921
微量白蛋白尿检查,https://www.baikemy.com/disease/detail/42812172476417
涎腺囊肿超声检查,https://www.baikemy.com/disease/detail/31175456491521
血浆凝血酶原时间,https://www.baikemy.com/disease/detail/31601358362625
血管内皮生长因子,https://www.baikemy.com/disease/detail/33364524669441
血浆游离血红蛋白,https://www.baikemy.com/disease/detail/34142161691905
血清维生素B12,https://www.baikemy.com/disease/detail/34142557078529
纤溶酶原活性测定,https://www.baikemy.com/disease/detail/34161386059265
新生儿红细胞压积,https://www.baikemy.com/disease/detail/34161469586945
心内膜心肌活检术,https://www.baikemy.com/disease/detail/34500438944001
血管紧张素转换酶,https://www.baikemy.com/disease/detail/34890919038977
血小板抗体IgG,https://www.baikemy.com/disease/detail/34891267807489
血β2-微球蛋白,https://www.baikemy.com/disease/detail/35155071281921
血清肝纤维化指标,https://www.baikemy.com/disease/detail/42593124318209
细菌二氧化碳培养,https://www.baikemy.com/disease/detail/42724311468545
血流感染实验诊断,https://www.baikemy.com/disease/detail/42724312593409
心脏疾病实验检测,https://www.baikemy.com/disease/detail/42812092761089
心脏疾病实验诊断,https://www.baikemy.com/disease/detail/42812092876801
心力衰竭实验诊断,https://www.baikemy.com/disease/detail/42812172691969
血流储备分数测定,https://www.baikemy.com/disease/detail/42941787624961
循环肿瘤细胞检测,https://www.baikemy.com/disease/detail/42941788251393
乙型肝炎表面抗体,https://www.baikemy.com/disease/detail/13305914049537
眼底血管造影术 ,https://www.baikemy.com/disease/detail/26019925222913
胰腺囊肿超声检查,https://www.baikemy.com/disease/detail/30688715484929
一氧化碳定性试验,https://www.baikemy.com/disease/detail/31072886098689
咽拭子培养+药敏,https://www.baikemy.com/disease/detail/32372826035713
乙酰胆碱受体抗体,https://www.baikemy.com/disease/detail/34166244067585
乙型肝炎表面抗原,https://www.baikemy.com/disease/detail/34494607300097
胰高糖素激发试验,https://www.baikemy.com/disease/detail/34668678088193
优球蛋白溶解时间,https://www.baikemy.com/disease/detail/34891322238465
幽门螺杆菌银染色,https://www.baikemy.com/disease/detail/34891361198593
乙型肝炎病毒定量,https://www.baikemy.com/disease/detail/35156798766081
药敏试验结果分析,https://www.baikemy.com/disease/detail/42812133200129
药敏试验用药选择,https://www.baikemy.com/disease/detail/42812133310721
子宫输卵管造影术,https://www.baikemy.com/disease/detail/19056012211969
载脂蛋白AⅠ检测,https://www.baikemy.com/disease/detail/31602302149889
总蛋白S含量测定,https://www.baikemy.com/disease/detail/34166861071105
子宫颈细胞学检查,https://www.baikemy.com/disease/detail/40736206863873
足背静脉充盈试验,https://www.baikemy.com/disease/detail/42419097215745
造影剂超声心动图,https://www.baikemy.com/disease/detail/42546412564993
自动细菌鉴定系统,https://www.baikemy.com/disease/detail/42723899428097
智能电子染色内镜,https://www.baikemy.com/disease/detail/42724313201409
脂质异常实验诊断,https://www.baikemy.com/disease/detail/42812134346241
直肠肛门压力测定,https://www.baikemy.com/disease/detail/42941789153537
纵轴内镜超声检查,https://www.baikemy.com/disease/detail/42968841212161
胆囊癌的超声检查,https://www.baikemy.com/disease/detail/30687051785985
肝转移癌超声检查,https://www.baikemy.com/disease/detail/30687510502913
甲状腺癌超声检查,https://www.baikemy.com/disease/detail/30842506256385
α-羟丁酸脱氢酶,https://www.baikemy.com/disease/detail/31596697662465
γ-谷氨酰转移酶,https://www.baikemy.com/disease/detail/31597103713025
γ-谷氨酰转肽酶,https://www.baikemy.com/disease/detail/33324861017089
β-内酰胺酶检测,https://www.baikemy.com/disease/detail/42941802771713
氨基酸代谢试验,https://www.baikemy.com/disease/detail/42594669720321
补体第1成分q,https://www.baikemy.com/disease/detail/34145807602177
白介素-2受体,https://www.baikemy.com/disease/detail/35155228139521
白细胞介素检测,https://www.baikemy.com/disease/detail/42593096531713
B型利钠尿多肽,https://www.baikemy.com/disease/detail/42593371274241
白细胞抗原分型,https://www.baikemy.com/disease/detail/42812055170049
白细胞形态检查,https://www.baikemy.com/disease/detail/42812055268865
病毒血清学检测,https://www.baikemy.com/disease/detail/42812055557889
白血病分子诊断,https://www.baikemy.com/disease/detail/42941189252865
超声弹性成像术,https://www.baikemy.com/disease/detail/30842018512641
磁共振血管成像,https://www.baikemy.com/disease/detail/33609965806337
餐后2小时血糖,https://www.baikemy.com/disease/detail/34477112475905
雌激素撤血试验,https://www.baikemy.com/disease/detail/34667270352385
胆管癌超声检查,https://www.baikemy.com/disease/detail/30686882319873
多囊肝超声检查,https://www.baikemy.com/disease/detail/30687203399937
胆汁培养+药敏,https://www.baikemy.com/disease/detail/32372428297985
单胺氧化酶测定,https://www.baikemy.com/disease/detail/34479798855425
蛋白质吸收试验,https://www.baikemy.com/disease/detail/42543058059265
胆汁酸代谢试验,https://www.baikemy.com/disease/detail/42593097387009
二硝基苯肼试验,https://www.baikemy.com/disease/detail/34146340221441
二氧化碳结合力,https://www.baikemy.com/disease/detail/34479628044545
二维超声心动图,https://www.baikemy.com/disease/detail/34499472262401
粪便苏丹Ⅲ染色,https://www.baikemy.com/disease/detail/31067151859201
粪便厌氧菌培养,https://www.baikemy.com/disease/detail/31958829229569
负荷超声心动图,https://www.baikemy.com/disease/detail/34499524690177
肺毛细血管楔压,https://www.baikemy.com/disease/detail/42594514068993
粪便物理学检查,https://www.baikemy.com/disease/detail/42724238494465
肝囊肿超声检查,https://www.baikemy.com/disease/detail/30687369369857
肝硬化超声检查,https://www.baikemy.com/disease/detail/30687471136257
骨髓培养＋药敏,https://www.baikemy.com/disease/detail/31959120972289
谷丙转氨酶偏高,https://www.baikemy.com/disease/detail/34518160732417
骨性碱性磷酸酶,https://www.baikemy.com/disease/detail/34518458099713
高峰胃酸分泌量,https://www.baikemy.com/disease/detail/34891545786881
过氧化物酶染色,https://www.baikemy.com/disease/detail/34891596919553
肝排泄功能试验,https://www.baikemy.com/disease/detail/42594666432257
肝硬化实验诊断,https://www.baikemy.com/disease/detail/42724238907649
国际标准化比值,https://www.baikemy.com/disease/detail/42941463393537
红细胞容量测定,https://www.baikemy.com/disease/detail/34157788808193
红细胞压积偏高,https://www.baikemy.com/disease/detail/34521639755521
HLA交叉配型,https://www.baikemy.com/disease/detail/42593126193409
HLA抗体检测,https://www.baikemy.com/disease/detail/42593126346753
红细胞形态检查,https://www.baikemy.com/disease/detail/42812057254145
HBV基因分型,https://www.baikemy.com/disease/detail/42812194675969
HCV基因分型,https://www.baikemy.com/disease/detail/42812194774785
经皮穿刺肺活检,https://www.baikemy.com/disease/detail/19209360151297
精囊炎超声检查,https://www.baikemy.com/disease/detail/30842567984129
计算机X线摄影,https://www.baikemy.com/disease/detail/33610793955329
甲皱微循环检查,https://www.baikemy.com/disease/detail/34157830912001
精液细胞学检查,https://www.baikemy.com/disease/detail/34668023307521
甲状腺体格检查,https://www.baikemy.com/disease/detail/42419096056577
甲状腺超声检查,https://www.baikemy.com/disease/detail/42593098395649
甲状腺核素成像,https://www.baikemy.com/disease/detail/42593098537217
精液物理学检查,https://www.baikemy.com/disease/detail/42724297488897
甲状旁腺素测定,https://www.baikemy.com/disease/detail/42812064146177
浆膜腔积液检验,https://www.baikemy.com/disease/detail/42812064528641
碱中毒实验诊断,https://www.baikemy.com/disease/detail/42941191336193
快速HIV初筛,https://www.baikemy.com/disease/detail/31068192444673
抗心肌抗体测定,https://www.baikemy.com/disease/detail/31959712911617
抗胰岛细胞抗体,https://www.baikemy.com/disease/detail/34258104470529
抗精子抗体检测,https://www.baikemy.com/disease/detail/34522237593089
抗SS-A抗体,https://www.baikemy.com/disease/detail/34669547195905
抗SS-B抗体,https://www.baikemy.com/disease/detail/34669618699009
抗Mi-2抗体,https://www.baikemy.com/disease/detail/34671056811521
抗凝血酶原抗体,https://www.baikemy.com/disease/detail/34672407528449
抗RA33抗体,https://www.baikemy.com/disease/detail/34699036162049
抗蛋白酶3抗体,https://www.baikemy.com/disease/detail/34699298951681
抗聚丝蛋白抗体,https://www.baikemy.com/disease/detail/34699403070209
抗内皮细胞抗体,https://www.baikemy.com/disease/detail/34699510697985
抗乳铁蛋白抗体,https://www.baikemy.com/disease/detail/34699664733697
抗凝血酶Ⅲ活性,https://www.baikemy.com/disease/detail/34893482718721
抗Jo-1抗体,https://www.baikemy.com/disease/detail/35155432742913
抗利尿激素测定,https://www.baikemy.com/disease/detail/40467482604801
抗磷脂抗体检测,https://www.baikemy.com/disease/detail/42593099076097
Kveim试验,https://www.baikemy.com/disease/detail/42724313443329
拷贝数变异检测,https://www.baikemy.com/disease/detail/42812221362689
淋球菌涂片检查,https://www.baikemy.com/disease/detail/31969542917633
淋巴细胞百分比,https://www.baikemy.com/disease/detail/40467557156353
淋巴瘤分子诊断,https://www.baikemy.com/disease/detail/42941464866561
慢性肾脏病筛查,https://www.baikemy.com/disease/detail/19237348174849
毛囊虫镜检面部,https://www.baikemy.com/disease/detail/34159041252097
梅毒反应素试验,https://www.baikemy.com/disease/detail/34258213227009
梅毒特异性试验,https://www.baikemy.com/disease/detail/34258251280385
M型超声心动图,https://www.baikemy.com/disease/detail/34499348820481
miRNA检测,https://www.baikemy.com/disease/detail/42812222363649
尿亚硝酸盐试验,https://www.baikemy.com/disease/detail/31070696559361
脑脊液-糖测定,https://www.baikemy.com/disease/detail/31576098917377
脑脊液细胞计数,https://www.baikemy.com/disease/detail/34523085969921
内生肌酐清除率,https://www.baikemy.com/disease/detail/34523601489409
凝血酶原活动度,https://www.baikemy.com/disease/detail/34700644566273
内因子缺乏检测,https://www.baikemy.com/disease/detail/42543380678657
脑脊液化学分析,https://www.baikemy.com/disease/detail/42724299514369
尿细菌定量培养,https://www.baikemy.com/disease/detail/42724299933441
尿液物理学检查,https://www.baikemy.com/disease/detail/42724300435201
尿免疫固定电泳,https://www.baikemy.com/disease/detail/42969547209217
平均血小板体积,https://www.baikemy.com/disease/detail/30671305174785
平均红细胞体积,https://www.baikemy.com/disease/detail/30953076263425
脾梗死超声检查,https://www.baikemy.com/disease/detail/31155769656065
脾囊肿超声检查,https://www.baikemy.com/disease/detail/31155821993217
脾破裂超声检查,https://www.baikemy.com/disease/detail/31155872341761
脾肿瘤超声检查,https://www.baikemy.com/disease/detail/31174070439681
皮肤病物理检查,https://www.baikemy.com/disease/detail/42724301041153
前列腺特异抗原,https://www.baikemy.com/disease/detail/33348698589697
前列腺特异蛋白,https://www.baikemy.com/disease/detail/35509607577089
轻链病实验诊断,https://www.baikemy.com/disease/detail/42593100012801
乳腺癌超声检查,https://www.baikemy.com/disease/detail/31174355355137
乳腺炎超声检查,https://www.baikemy.com/disease/detail/31174822284033
乳糖氢呼气试验,https://www.baikemy.com/disease/detail/34890392429057
人类白细胞抗原,https://www.baikemy.com/disease/detail/35509778818049
妊娠糖尿病筛查,https://www.baikemy.com/disease/detail/40644576089857
染色体易位检测,https://www.baikemy.com/disease/detail/42812221794817
染色体显带技术,https://www.baikemy.com/disease/detail/42941645003777
绒毛促性腺激素,https://www.baikemy.com/disease/detail/42941787961345
视觉电生理检查,https://www.baikemy.com/disease/detail/26019803469825
肾积水超声检查,https://www.baikemy.com/disease/detail/30688216458497
肾肿瘤超声检查,https://www.baikemy.com/disease/detail/30688453188609
术中超声检查术,https://www.baikemy.com/disease/detail/30688498988545
肾脓肿超声检查,https://www.baikemy.com/disease/detail/31175065725953
嗜异性凝集试验,https://www.baikemy.com/disease/detail/34259010661633
三维超声心动图,https://www.baikemy.com/disease/detail/34500158649601
深静脉通畅试验,https://www.baikemy.com/disease/detail/42419096390913
肾活体组织检查,https://www.baikemy.com/disease/detail/42543060082177
肾小管功能检查,https://www.baikemy.com/disease/detail/42543060241409
食管胆红素监测,https://www.baikemy.com/disease/detail/42543060388865
食管酸灌注试验,https://www.baikemy.com/disease/detail/42543571927041
三维电解剖标测,https://www.baikemy.com/disease/detail/42593370594305
三维非接触标测,https://www.baikemy.com/disease/detail/42593370738433
肾衰竭实验诊断,https://www.baikemy.com/disease/detail/42941645776897
糖抗原19-9,https://www.baikemy.com/disease/detail/34145012769281
唾液IgA测定,https://www.baikemy.com/disease/detail/34160454585089
痰液癌细胞检查,https://www.baikemy.com/disease/detail/34890692102145
痰液物理学检查,https://www.baikemy.com/disease/detail/42724311098369
网织红细胞计数,https://www.baikemy.com/disease/detail/31072394016769
胃液培养+药敏,https://www.baikemy.com/disease/detail/32372774546945
维生素B2检查,https://www.baikemy.com/disease/detail/40644683232513
新生儿疾病筛查,https://www.baikemy.com/disease/detail/15492509336577
涎石症超声检查,https://www.baikemy.com/disease/detail/31175287742209
心肌肌钙蛋白I,https://www.baikemy.com/disease/detail/31575636283393
血红蛋白电泳 ,https://www.baikemy.com/disease/detail/31601731638017
小肠双对比造影,https://www.baikemy.com/disease/detail/33611671184897
血小板聚集试验,https://www.baikemy.com/disease/detail/34142633817345
纤维蛋白原定量,https://www.baikemy.com/disease/detail/34143446711553
心脏电生理检查,https://www.baikemy.com/disease/detail/34500637000705
血清铁蛋白测定,https://www.baikemy.com/disease/detail/34714047379201
相差显微镜检查,https://www.baikemy.com/disease/detail/34890823728129
血清内因子抗体,https://www.baikemy.com/disease/detail/34891127664385
循环免疫复合物,https://www.baikemy.com/disease/detail/35156553982465
血液黏度分析仪,https://www.baikemy.com/disease/detail/42723899203841
细菌噬菌体鉴定,https://www.baikemy.com/disease/detail/42724311953921
细菌微需氧培养,https://www.baikemy.com/disease/detail/42724312189697
细菌血清学鉴定,https://www.baikemy.com/disease/detail/42724312293121
稀释法药敏试验,https://www.baikemy.com/disease/detail/42812091511553
心肌损伤标志物,https://www.baikemy.com/disease/detail/42812092234497
心脏磁共振成像,https://www.baikemy.com/disease/detail/42812092630017
血栓与止血试验,https://www.baikemy.com/disease/detail/42812132035841
血细胞化学染色,https://www.baikemy.com/disease/detail/42812132186881
血小板功能试验,https://www.baikemy.com/disease/detail/42812132290305
血小板膜糖蛋白,https://www.baikemy.com/disease/detail/42812132404737
血小板形态检查,https://www.baikemy.com/disease/detail/42812132616193
血小板自身抗体,https://www.baikemy.com/disease/detail/42812132731905
血液流变学检查,https://www.baikemy.com/disease/detail/42812132978945
血友病实验诊断,https://www.baikemy.com/disease/detail/42812133099521
心力衰竭标志物,https://www.baikemy.com/disease/detail/42812172579073
心前区异常搏动,https://www.baikemy.com/disease/detail/42923995049985
血液寄生虫检查,https://www.baikemy.com/disease/detail/42941787733505
涎分泌流率试验,https://www.baikemy.com/disease/detail/42968839680001
血免疫固定电泳,https://www.baikemy.com/disease/detail/42969547427073
乙型肝炎E抗原,https://www.baikemy.com/disease/detail/13305678533633
胰腺癌超声检查,https://www.baikemy.com/disease/detail/30688649252865
阴道分泌物检查,https://www.baikemy.com/disease/detail/34494749231105
阴道清洁度检查,https://www.baikemy.com/disease/detail/34494952738305
阴道病原体检查,https://www.baikemy.com/disease/detail/34668736270081
乙状结肠镜检查,https://www.baikemy.com/disease/detail/42546428887809
右心导管检查术,https://www.baikemy.com/disease/detail/42593124443905
胰腺炎实验诊断,https://www.baikemy.com/disease/detail/42941191438337
营养液负荷试验,https://www.baikemy.com/disease/detail/42941788728577
幽门螺杆菌检测,https://www.baikemy.com/disease/detail/42968840317953
幽门螺杆菌培养,https://www.baikemy.com/disease/detail/42968840647169
中性分叶粒细胞,https://www.baikemy.com/disease/detail/30670909321729
脂肪肝超声检查,https://www.baikemy.com/disease/detail/30843383488513
载脂蛋白E测定,https://www.baikemy.com/disease/detail/31577127826433
造血干细胞计数,https://www.baikemy.com/disease/detail/31970555027969
支气管激发试验,https://www.baikemy.com/disease/detail/33366476993281
猪囊虫抗体试验,https://www.baikemy.com/disease/detail/34259523636225
最大胃酸分泌量,https://www.baikemy.com/disease/detail/34891561124609
中性粒细胞增高,https://www.baikemy.com/disease/detail/35497092748289
重链病实验诊断,https://www.baikemy.com/disease/detail/42593124851457
中心动脉压监测,https://www.baikemy.com/disease/detail/42593412193537
自动血培养系统,https://www.baikemy.com/disease/detail/42723899533057
真菌显微镜检查,https://www.baikemy.com/disease/detail/42724313092353
中段尿细菌培养,https://www.baikemy.com/disease/detail/42724361288449
组蛋白修饰检测,https://www.baikemy.com/disease/detail/42945408718593
阴茎癌超声检查,https://www.baikemy.com/disease/detail/30843163881473
17α-羟孕酮,https://www.baikemy.com/disease/detail/35154653369345
25羟维生素D,https://www.baikemy.com/disease/detail/35508521243137
β2-微球蛋白,https://www.baikemy.com/disease/detail/42941789582337
癌抗原125,https://www.baikemy.com/disease/detail/35509965733889
补体第4成分,https://www.baikemy.com/disease/detail/34145949769473
白带常规检查,https://www.baikemy.com/disease/detail/34476964931073
表皮生长因子,https://www.baikemy.com/disease/detail/34890635072001
闭孔内肌试验,https://www.baikemy.com/disease/detail/42546412123393
标本采集运送,https://www.baikemy.com/disease/detail/42923993452801
促卵泡生成素,https://www.baikemy.com/disease/detail/1091
超薄细胞检测,https://www.baikemy.com/disease/detail/34146077606145
促甲状腺激素,https://www.baikemy.com/disease/detail/34247806688001
C肽释放试验,https://www.baikemy.com/disease/detail/34666926802945
促黄体生成素,https://www.baikemy.com/disease/detail/40735903740161
CD19检测,https://www.baikemy.com/disease/detail/42593126047745
促胃液素测定,https://www.baikemy.com/disease/detail/42946232724993
大肠菌群检测,https://www.baikemy.com/disease/detail/33413546770945
动脉血氧分压,https://www.baikemy.com/disease/detail/34476814708481
D-木糖试验,https://www.baikemy.com/disease/detail/34890226316033
大便脂肪测定,https://www.baikemy.com/disease/detail/34891070938625
第Ⅷ因子活性,https://www.baikemy.com/disease/detail/34891278112513
胆盐吸收试验,https://www.baikemy.com/disease/detail/42593097233921
动态血压监测,https://www.baikemy.com/disease/detail/42941190382337
二氧化碳检测,https://www.baikemy.com/disease/detail/31600552682241
EB病毒抗体,https://www.baikemy.com/disease/detail/34145525929729
二氧化碳分压,https://www.baikemy.com/disease/detail/34146394688257
粪便常规检查,https://www.baikemy.com/disease/detail/30672594402049
粪便潜血试验,https://www.baikemy.com/disease/detail/30672695151873
粪便虫卵检查,https://www.baikemy.com/disease/detail/31066918684929
肺癌分子诊断,https://www.baikemy.com/disease/detail/42812056193025
分子成像检验,https://www.baikemy.com/disease/detail/42812170611713
分子诊断技术,https://www.baikemy.com/disease/detail/42812220965633
腹部血管造影,https://www.baikemy.com/disease/detail/42941192466689
甘油三酯偏高,https://www.baikemy.com/disease/detail/34492536443649
冠状动脉造影,https://www.baikemy.com/disease/detail/34499695960577
宫颈黏液检查,https://www.baikemy.com/disease/detail/34667795676161
宫腔细菌培养,https://www.baikemy.com/disease/detail/34667850904065
骨盆测量检查,https://www.baikemy.com/disease/detail/40643612075521
肝病基因诊断,https://www.baikemy.com/disease/detail/42724238703617
胱抑素C测定,https://www.baikemy.com/disease/detail/42941463280385
红细胞沉降率,https://www.baikemy.com/disease/detail/30671515397377
红斑狼疮细胞,https://www.baikemy.com/disease/detail/34518539621633
红细胞铁蛋白,https://www.baikemy.com/disease/detail/34893225999105
黄疸实验诊断,https://www.baikemy.com/disease/detail/42724239205889
红细胞酶测定,https://www.baikemy.com/disease/detail/42812057146113
核酸扩增检测,https://www.baikemy.com/disease/detail/42812221168641
静脉尿路造影,https://www.baikemy.com/disease/detail/19190573771521
浆膜腔液常规,https://www.baikemy.com/disease/detail/31067570779649
静脉肾盂造影,https://www.baikemy.com/disease/detail/33610971382017
交叉配血试验,https://www.baikemy.com/disease/detail/34158694610433
甲状腺球蛋白,https://www.baikemy.com/disease/detail/34521863433985
精液果糖测定,https://www.baikemy.com/disease/detail/34667912524033
精液形态检查,https://www.baikemy.com/disease/detail/34668130458881
精液液化时间,https://www.baikemy.com/disease/detail/34668234349313
甲状旁腺激素,https://www.baikemy.com/disease/detail/35508807605761
胶囊内镜检查,https://www.baikemy.com/disease/detail/42543058240257
角膜染色检查,https://www.baikemy.com/disease/detail/42724239730177
精子功能检查,https://www.baikemy.com/disease/detail/42724297788673
结核菌素试验,https://www.baikemy.com/disease/detail/42725295593985
棘细胞松解征,https://www.baikemy.com/disease/detail/42812064026369
基因突变检测,https://www.baikemy.com/disease/detail/42812221260801
抗MCV抗体,https://www.baikemy.com/disease/detail/34157877043201
抗骨骼肌抗体,https://www.baikemy.com/disease/detail/34248063122177
抗平滑肌抗体,https://www.baikemy.com/disease/detail/34257893616385
抗线粒体抗体,https://www.baikemy.com/disease/detail/34258047733761
抗RNP抗体,https://www.baikemy.com/disease/detail/34522111010561
抗胰岛素抗体,https://www.baikemy.com/disease/detail/34668332997633
抗C1q抗体,https://www.baikemy.com/disease/detail/34698850342913
抗角蛋白抗体,https://www.baikemy.com/disease/detail/35155722200321
抗心磷脂抗体,https://www.baikemy.com/disease/detail/35155815068417
抗组蛋白抗体,https://www.baikemy.com/disease/detail/35155874691841
抗核小体抗体,https://www.baikemy.com/disease/detail/42724299305985
痢疾杆菌检测,https://www.baikemy.com/disease/detail/34522407164929
磷酸肌酸激酶,https://www.baikemy.com/disease/detail/34522491707649
泪液分泌试验,https://www.baikemy.com/disease/detail/42968953381633
麻风杆菌镜检,https://www.baikemy.com/disease/detail/34158993231105
免疫球蛋白A,https://www.baikemy.com/disease/detail/34258334420737
免疫球蛋白D,https://www.baikemy.com/disease/detail/34258529603841
免疫球蛋白E,https://www.baikemy.com/disease/detail/34258572164353
免疫球蛋白G,https://www.baikemy.com/disease/detail/34258623940609
免疫球蛋白M,https://www.baikemy.com/disease/detail/34258686225665
免疫组化检查,https://www.baikemy.com/disease/detail/42543059072001
免疫荧光检查,https://www.baikemy.com/disease/detail/42969547103233
免疫电镜检查,https://www.baikemy.com/disease/detail/42969561014273
尿胆红素定性,https://www.baikemy.com/disease/detail/31069683075329
NK细胞计数,https://www.baikemy.com/disease/detail/31957471354113
尿卟胆原检测,https://www.baikemy.com/disease/detail/31969709264385
凝血酶时间 ,https://www.baikemy.com/disease/detail/34890214359553
尿淀粉酶升高,https://www.baikemy.com/disease/detail/35496921987073
尿核基质蛋白,https://www.baikemy.com/disease/detail/35509281540097
尿微量白蛋白,https://www.baikemy.com/disease/detail/35509515555585
尿游离皮质醇,https://www.baikemy.com/disease/detail/35509557493761
内镜超声检查,https://www.baikemy.com/disease/detail/42724299835393
尿液化学分析,https://www.baikemy.com/disease/detail/42724300136193
尿液维生素C,https://www.baikemy.com/disease/detail/42724300342017
尿细胞学检查,https://www.baikemy.com/disease/detail/42812171311361
内镜下活检术,https://www.baikemy.com/disease/detail/42941644500737
脾大超声检查,https://www.baikemy.com/disease/detail/30687670310913
普通X线检查,https://www.baikemy.com/disease/detail/33611229341697
皮肤划痕试验,https://www.baikemy.com/disease/detail/33637896054785
贫血实验诊断,https://www.baikemy.com/disease/detail/42812066450945
前列腺液常规,https://www.baikemy.com/disease/detail/30672487777281
前列腺液培养,https://www.baikemy.com/disease/detail/34668460150785
器官移植检测,https://www.baikemy.com/disease/detail/42593099865857
前列腺液检测,https://www.baikemy.com/disease/detail/42812171421441
全血细胞计数,https://www.baikemy.com/disease/detail/42812171631617
全基因组测序,https://www.baikemy.com/disease/detail/42812221681409
乳糖耐量试验,https://www.baikemy.com/disease/detail/42543059768833
乳腺超声检查,https://www.baikemy.com/disease/detail/42593100281345
乳腺体格检查,https://www.baikemy.com/disease/detail/42593123359745
嗜碱性粒细胞,https://www.baikemy.com/disease/detail/30953346694657
嗜酸性粒细胞,https://www.baikemy.com/disease/detail/30953419799297
三维超声成像,https://www.baikemy.com/disease/detail/31174918385409
舒张期奔马律,https://www.baikemy.com/disease/detail/31889410242049
数字X线摄影,https://www.baikemy.com/disease/detail/33611396348417
四肢动脉造影,https://www.baikemy.com/disease/detail/33611561454081
三氯化铁测定,https://www.baikemy.com/disease/detail/34160101641217
三氯化铁试验,https://www.baikemy.com/disease/detail/34160136742657
生长抑素测定,https://www.baikemy.com/disease/detail/34890612242945
肾上腺素检测,https://www.baikemy.com/disease/detail/35869884802049
肾小球滤过率,https://www.baikemy.com/disease/detail/40644500124673
色素内镜检查,https://www.baikemy.com/disease/detail/42543059922689
食管压力测定,https://www.baikemy.com/disease/detail/42543060631297
食管阻抗检查,https://www.baikemy.com/disease/detail/42543060806913
食管pH监测,https://www.baikemy.com/disease/detail/42543060958977
肾血流量测定,https://www.baikemy.com/disease/detail/42812090611201
糖化血红蛋白,https://www.baikemy.com/disease/detail/24388013644289
同型半胱氨酸,https://www.baikemy.com/disease/detail/31576847465729
T3摄取试验,https://www.baikemy.com/disease/detail/31957621367041
糖水溶血试验,https://www.baikemy.com/disease/detail/31970054328833
痰培养+药敏,https://www.baikemy.com/disease/detail/32372725626369
糖抗原242,https://www.baikemy.com/disease/detail/34144959246849
特异性IgE,https://www.baikemy.com/disease/detail/34160404629761
糖化血清蛋白,https://www.baikemy.com/disease/detail/34701641298945
铜蓝蛋白测定,https://www.baikemy.com/disease/detail/34701746471681
透视电镜检查,https://www.baikemy.com/disease/detail/42969547327745
胃蛋白酶测定,https://www.baikemy.com/disease/detail/34701943147521
外周血管杂音,https://www.baikemy.com/disease/detail/42593371022337
微量白蛋白尿,https://www.baikemy.com/disease/detail/42593410675457
胃肠传输试验,https://www.baikemy.com/disease/detail/42941646520577
血块收缩时间,https://www.baikemy.com/disease/detail/31072620795137
血清蛋白电泳,https://www.baikemy.com/disease/detail/31600011674369
细胞免疫分型,https://www.baikemy.com/disease/detail/31970110258689
细胞聚集指数,https://www.baikemy.com/disease/detail/34160593926657
新生儿胆红素,https://www.baikemy.com/disease/detail/34161421855745
血沉方程K值,https://www.baikemy.com/disease/detail/34161661242881
血红蛋白浓度,https://www.baikemy.com/disease/detail/34492721473793
血清甘油三酯,https://www.baikemy.com/disease/detail/34493595663105
心肌代谢显像,https://www.baikemy.com/disease/detail/34500290374145
心肌灌注显像,https://www.baikemy.com/disease/detail/34500357677569
血清透明质酸,https://www.baikemy.com/disease/detail/34701864497409
血管活性肠肽,https://www.baikemy.com/disease/detail/34890869153537
新斯的明试验,https://www.baikemy.com/disease/detail/35496976345345
血管紧张素Ⅱ,https://www.baikemy.com/disease/detail/35510175654657
血浆总皮质醇,https://www.baikemy.com/disease/detail/35510226127105
吸收不良检查,https://www.baikemy.com/disease/detail/42543061565185
血清补体测定,https://www.baikemy.com/disease/detail/42543061974529
心脏肌钙蛋白,https://www.baikemy.com/disease/detail/42544128253441
细菌毒素检测,https://www.baikemy.com/disease/detail/42724311337729
细菌抗体检测,https://www.baikemy.com/disease/detail/42724311764737
细菌抗原检测,https://www.baikemy.com/disease/detail/42724311859969
细菌数值鉴定,https://www.baikemy.com/disease/detail/42724312090881
细菌厌氧培养,https://www.baikemy.com/disease/detail/42724312397313
心肌声学造影,https://www.baikemy.com/disease/detail/42812092100609
血浆抗凝血酶,https://www.baikemy.com/disease/detail/42812093931265
腺苷激发试验,https://www.baikemy.com/disease/detail/42941787143169
胸部X线平片,https://www.baikemy.com/disease/detail/42941787420417
循环核酸检测,https://www.baikemy.com/disease/detail/42941788069633
隐睾超声检查,https://www.baikemy.com/disease/detail/30843247831297
游离甲状腺素,https://www.baikemy.com/disease/detail/34259352151041
阴道滴虫检查,https://www.baikemy.com/disease/detail/34668774189569
阴道真菌检查,https://www.baikemy.com/disease/detail/34668874395905
胰腺CT灌注,https://www.baikemy.com/disease/detail/42419096829185
营养状态评定,https://www.baikemy.com/disease/detail/42594538306049
阴囊透光试验,https://www.baikemy.com/disease/detail/42812133559809
荧光原位杂交,https://www.baikemy.com/disease/detail/42812133716737
乙型肝炎病毒,https://www.baikemy.com/disease/detail/42946230017793
脂蛋白（a）,https://www.baikemy.com/disease/detail/31602412077057
真菌涂片检查,https://www.baikemy.com/disease/detail/31970666499329
真菌镜检皮损,https://www.baikemy.com/disease/detail/34166562562561
直腿抬高试验,https://www.baikemy.com/disease/detail/40645323255041
自身抗体检测,https://www.baikemy.com/disease/detail/41025774430209
长短周期现象,https://www.baikemy.com/disease/detail/42544128723201
周围血管超声,https://www.baikemy.com/disease/detail/42593412339457
真菌分离培养,https://www.baikemy.com/disease/detail/42724312901377
肿瘤实验诊断,https://www.baikemy.com/disease/detail/42811562216449
肿瘤分子诊断,https://www.baikemy.com/disease/detail/42812172804353
肝癌超声检查,https://www.baikemy.com/disease/detail/30687279847425
“4”字试验,https://www.baikemy.com/disease/detail/42420041633281
ABO血型,https://www.baikemy.com/disease/detail/34099623115521
白细胞计数,https://www.baikemy.com/disease/detail/30670708015105
白带pH值,https://www.baikemy.com/disease/detail/34667171040769
白细胞增多,https://www.baikemy.com/disease/detail/35496126770945
变应原检测,https://www.baikemy.com/disease/detail/42593096672769
玻片压诊法,https://www.baikemy.com/disease/detail/42724237640705
超声造影术,https://www.baikemy.com/disease/detail/30842153242113
磁共振成像,https://www.baikemy.com/disease/detail/33610467692801
侧脑室增宽,https://www.baikemy.com/disease/detail/33627513228545
C反应蛋白,https://www.baikemy.com/disease/detail/34247478837761
雌二醇测定,https://www.baikemy.com/disease/detail/34477359540737
促卵泡激素,https://www.baikemy.com/disease/detail/34667344237057
醋酸白试验,https://www.baikemy.com/disease/detail/34667432176385
CD3检测,https://www.baikemy.com/disease/detail/41023472913665
CD4检测,https://www.baikemy.com/disease/detail/42593125659137
CD5检测,https://www.baikemy.com/disease/detail/42593125790721
CD8检测,https://www.baikemy.com/disease/detail/42593125936129
C-肽测定,https://www.baikemy.com/disease/detail/42812194556417
蛋白C含量,https://www.baikemy.com/disease/detail/34146177553153
蛋白C活性,https://www.baikemy.com/disease/detail/34146276871681
多巴胺测定,https://www.baikemy.com/disease/detail/34874058203393
D-二聚体,https://www.baikemy.com/disease/detail/34890074930689
蛋白S活性,https://www.baikemy.com/disease/detail/34891188841985
动态心电图,https://www.baikemy.com/disease/detail/42546411534849
胆道镜检查,https://www.baikemy.com/disease/detail/42593097101569
胆红素测定,https://www.baikemy.com/disease/detail/42724237969153
动脉压监测,https://www.baikemy.com/disease/detail/42812170412801
蛋白质测定,https://www.baikemy.com/disease/detail/42941191223041
肺纹理增多,https://www.baikemy.com/disease/detail/31350821523457
肺动脉造影,https://www.baikemy.com/disease/detail/33610601348353
腹壁揉面感,https://www.baikemy.com/disease/detail/42544127799809
肺功能检查,https://www.baikemy.com/disease/detail/42546411685377
腹腔镜检查,https://www.baikemy.com/disease/detail/42941462714369
肝动脉造影,https://www.baikemy.com/disease/detail/33610664905473
谷丙转氨酶,https://www.baikemy.com/disease/detail/34518260884225
谷草转氨酶,https://www.baikemy.com/disease/detail/34518317296641
骨密度测量,https://www.baikemy.com/disease/detail/40642627469569
肛门镜检查,https://www.baikemy.com/disease/detail/42546411818497
肝功能试验,https://www.baikemy.com/disease/detail/42724238792961
钙离子测定,https://www.baikemy.com/disease/detail/42812056392961
红细胞压积,https://www.baikemy.com/disease/detail/13305460545537
红细胞计数,https://www.baikemy.com/disease/detail/30670452892161
红细胞比容,https://www.baikemy.com/disease/detail/34518598096385
红细胞偏低,https://www.baikemy.com/disease/detail/34518830824961
黄体酮测定,https://www.baikemy.com/disease/detail/34521734726913
HPV检查,https://www.baikemy.com/disease/detail/34667025412865
红细胞叶酸,https://www.baikemy.com/disease/detail/34893265433345
恒河猴因子,https://www.baikemy.com/disease/detail/35508768791809
红外线内镜,https://www.baikemy.com/disease/detail/42941463610113
结肠镜检查,https://www.baikemy.com/disease/detail/10431806039809
碱性磷酸酶,https://www.baikemy.com/disease/detail/13305557681921
间接胆红素,https://www.baikemy.com/disease/detail/34521968611841
精液黏稠度,https://www.baikemy.com/disease/detail/34667980744961
精子活动率,https://www.baikemy.com/disease/detail/34668276941825
军团菌抗体,https://www.baikemy.com/disease/detail/34893430928641
肌电图检查,https://www.baikemy.com/disease/detail/42724239393793
降钙素测定,https://www.baikemy.com/disease/detail/42812065020929
抗结核抗体,https://www.baikemy.com/disease/detail/34143797834753
抗Ku抗体,https://www.baikemy.com/disease/detail/34669294896129
抗Sm抗体,https://www.baikemy.com/disease/detail/34669465950721
抗Sa抗体,https://www.baikemy.com/disease/detail/34699108638977
抗核周因子,https://www.baikemy.com/disease/detail/35155572312833
抗核抗体谱,https://www.baikemy.com/disease/detail/42419993928193
淋球菌培养,https://www.baikemy.com/disease/detail/31969483472641
狼疮抗凝物,https://www.baikemy.com/disease/detail/34143739911681
冷凝集试验,https://www.baikemy.com/disease/detail/34258156855041
类风湿因子,https://www.baikemy.com/disease/detail/35155930519041
卵磷脂小体,https://www.baikemy.com/disease/detail/40736524143873
螺旋体培养,https://www.baikemy.com/disease/detail/42812065752065
狼疮带试验,https://www.baikemy.com/disease/detail/42968978353921
泌乳素测定,https://www.baikemy.com/disease/detail/40596071850497
镁离子测定,https://www.baikemy.com/disease/detail/42941465277953
尿妊娠试验,https://www.baikemy.com/disease/detail/10427374985985
尿蛋白定性,https://www.baikemy.com/disease/detail/30671838926849
尿三杯试验,https://www.baikemy.com/disease/detail/30672047340545
脑脊液常规,https://www.baikemy.com/disease/detail/30672216802561
尿沉渣镜检,https://www.baikemy.com/disease/detail/31069311457793
尿乳糜试验,https://www.baikemy.com/disease/detail/31070159179009
尿酮体定性,https://www.baikemy.com/disease/detail/31070319465729
疟原虫检查,https://www.baikemy.com/disease/detail/31070875295233
尿肌酐测定,https://www.baikemy.com/disease/detail/31576280251393
尿尿素测定,https://www.baikemy.com/disease/detail/31576730241537
脑血管造影,https://www.baikemy.com/disease/detail/33611106097409
尿本周蛋白,https://www.baikemy.com/disease/detail/34258725057281
尿轻链定量,https://www.baikemy.com/disease/detail/34258857363969
尿沉渣检查,https://www.baikemy.com/disease/detail/34523738866433
尿钙/肌酐,https://www.baikemy.com/disease/detail/34891489441281
尿比重下降,https://www.baikemy.com/disease/detail/35496381981953
尿比重增高,https://www.baikemy.com/disease/detail/35496445666305
尿儿茶酚胺,https://www.baikemy.com/disease/detail/35509213416193
尿液结晶体,https://www.baikemy.com/disease/detail/42724300224513
脑脊液检验,https://www.baikemy.com/disease/detail/42812066205953
呕吐物潜血,https://www.baikemy.com/disease/detail/31071132527873
皮肤病触诊,https://www.baikemy.com/disease/detail/42724300836353
皮肤病视诊,https://www.baikemy.com/disease/detail/42724300952833
皮肤镜检查,https://www.baikemy.com/disease/detail/42724301130753
葡萄糖测定,https://www.baikemy.com/disease/detail/42812090168065
群反应抗体,https://www.baikemy.com/disease/detail/35509717624577
QRS波群,https://www.baikemy.com/disease/detail/41018136166145
氢呼气试验,https://www.baikemy.com/disease/detail/42543059589889
QT离散度,https://www.baikemy.com/disease/detail/42544129023489
乳酸脱氢酶,https://www.baikemy.com/disease/detail/31601421108481
乳管镜检查,https://www.baikemy.com/disease/detail/42593976450305
酸性磷酸酶,https://www.baikemy.com/disease/detail/31601611531009
收缩期杂音,https://www.baikemy.com/disease/detail/31889233181697
舒张期杂音,https://www.baikemy.com/disease/detail/31889604928769
肾动脉造影,https://www.baikemy.com/disease/detail/33611335808513
神经降压素,https://www.baikemy.com/disease/detail/34144911038209
肾功能检查,https://www.baikemy.com/disease/detail/34701135332865
输卵管造影,https://www.baikemy.com/disease/detail/40736457289729
水负荷试验,https://www.baikemy.com/disease/detail/42543061109761
实验诊断学,https://www.baikemy.com/disease/detail/42724310885889
糖抗原50,https://www.baikemy.com/disease/detail/34144286650881
痰细菌培养,https://www.baikemy.com/disease/detail/42724310989825
铁代谢试验,https://www.baikemy.com/disease/detail/42812091397377
胃泌素测定,https://www.baikemy.com/disease/detail/34702095586305
胃总酸测定,https://www.baikemy.com/disease/detail/34712461554177
伍德灯检查,https://www.baikemy.com/disease/detail/42593124068609
胃排空测定,https://www.baikemy.com/disease/detail/42941646822401
血小板减少,https://www.baikemy.com/disease/detail/16759069610497
血小板计数,https://www.baikemy.com/disease/detail/30671211737089
血小板压积,https://www.baikemy.com/disease/detail/30953595116033
血丝虫检查,https://www.baikemy.com/disease/detail/31072709107969
血清淀粉酶,https://www.baikemy.com/disease/detail/31600480133889
血尿素测定,https://www.baikemy.com/disease/detail/31601224813057
血清钾检测,https://www.baikemy.com/disease/detail/31601805715969
血清氯检测,https://www.baikemy.com/disease/detail/31601852489985
血清钠检测,https://www.baikemy.com/disease/detail/31601928484865
血清总蛋白,https://www.baikemy.com/disease/detail/31602708123905
胸膜摩擦感,https://www.baikemy.com/disease/detail/31861787131905
心包摩擦音,https://www.baikemy.com/disease/detail/31890091809537
血清降钙素,https://www.baikemy.com/disease/detail/33364908794881
血清唾液酸,https://www.baikemy.com/disease/detail/33365204878081
血清铁蛋白,https://www.baikemy.com/disease/detail/34142415799809
血浆皮质醇,https://www.baikemy.com/disease/detail/34159547228929
新生儿血糖,https://www.baikemy.com/disease/detail/34161516173569
血液酸碱度,https://www.baikemy.com/disease/detail/34162050728705
血轻链定量,https://www.baikemy.com/disease/detail/34259247188737
心导管检查,https://www.baikemy.com/disease/detail/34500213799681
心血池显像,https://www.baikemy.com/disease/detail/34500568539393
性激素测定,https://www.baikemy.com/disease/detail/34712558078721
性激素六项,https://www.baikemy.com/disease/detail/34712928659713
血清铜测定,https://www.baikemy.com/disease/detail/34714297991681
血氧饱和度,https://www.baikemy.com/disease/detail/34714457640705
血清胃泌素,https://www.baikemy.com/disease/detail/34891212859905
血管内超声,https://www.baikemy.com/disease/detail/42593411283457
心功能分级,https://www.baikemy.com/disease/detail/42812091752449
血沉分析仪,https://www.baikemy.com/disease/detail/42812093224961
血浆蛋白C,https://www.baikemy.com/disease/detail/42812093435905
血浆蛋白S,https://www.baikemy.com/disease/detail/42812093549569
心排血指数,https://www.baikemy.com/disease/detail/42812110839553
心功能指标,https://www.baikemy.com/disease/detail/42812122183425
血液分析仪,https://www.baikemy.com/disease/detail/42812132880129
乙肝两对半,https://www.baikemy.com/disease/detail/16227973220609
幽门螺杆菌,https://www.baikemy.com/disease/detail/19054906423297
羊水染色体,https://www.baikemy.com/disease/detail/34162104957185
胰岛素测定,https://www.baikemy.com/disease/detail/35913552245505
阴道镜检查,https://www.baikemy.com/disease/detail/40736276621569
胰管镜检查,https://www.baikemy.com/disease/detail/42419096645889
腰大肌试验,https://www.baikemy.com/disease/detail/42546442601217
中性粒细胞,https://www.baikemy.com/disease/detail/13306522090753
肿瘤标志物,https://www.baikemy.com/disease/detail/15519881075457
早早孕试验,https://www.baikemy.com/disease/detail/30672156945153
载脂蛋白B,https://www.baikemy.com/disease/detail/31602362276609
直接胆红素,https://www.baikemy.com/disease/detail/31602511205889
转氨酶增高,https://www.baikemy.com/disease/detail/33367111591169
支原体检测,https://www.baikemy.com/disease/detail/35929888092673
载脂蛋白A,https://www.baikemy.com/disease/detail/42593412083457
支原体培养,https://www.baikemy.com/disease/detail/42812134189313
β-羟丁酸,https://www.baikemy.com/disease/detail/31597026195457
Ｃ反应蛋白,https://www.baikemy.com/disease/detail/42420026798849
癌胚抗原,https://www.baikemy.com/disease/detail/34144236569089
斑贴试验,https://www.baikemy.com/disease/detail/33637623921665
产前检查,https://www.baikemy.com/disease/detail/12925894308353
常量元素,https://www.baikemy.com/disease/detail/34477279196929
茶碱测定,https://www.baikemy.com/disease/detail/34890779814913
出血时间,https://www.baikemy.com/disease/detail/34890844278785
肠镜检查,https://www.baikemy.com/disease/detail/42546411379713
餐后血糖,https://www.baikemy.com/disease/detail/42724237753089
唇腺活检,https://www.baikemy.com/disease/detail/42968838290689
单核细胞,https://www.baikemy.com/disease/detail/30671122614785
胆碱酯酶,https://www.baikemy.com/disease/detail/31597282304001
大便颜色,https://www.baikemy.com/disease/detail/34477746362369
妇科检查,https://www.baikemy.com/disease/detail/12927619326721
肥达反应,https://www.baikemy.com/disease/detail/34247855440897
封闭抗体,https://www.baikemy.com/disease/detail/40736124981761
粪便检验,https://www.baikemy.com/disease/detail/42724238374657
放大内镜,https://www.baikemy.com/disease/detail/42941190779137
腹部超声,https://www.baikemy.com/disease/detail/42941192090369
宫颈活检,https://www.baikemy.com/disease/detail/5030
骨髓穿刺,https://www.baikemy.com/disease/detail/19341583323905
甘油三酯,https://www.baikemy.com/disease/detail/31600697186305
关节造影,https://www.baikemy.com/disease/detail/33610733132289
睾酮检测,https://www.baikemy.com/disease/detail/34518089049601
个体识别,https://www.baikemy.com/disease/detail/42812221075201
核素显像,https://www.baikemy.com/disease/detail/32370705427457
踝肱指数,https://www.baikemy.com/disease/detail/34499765892097
滑液检查,https://www.baikemy.com/disease/detail/42968838395905
精液常规,https://www.baikemy.com/disease/detail/30672372857857
肌红蛋白,https://www.baikemy.com/disease/detail/31575767515905
肌酐检测,https://www.baikemy.com/disease/detail/31600877168897
肌酸激酶,https://www.baikemy.com/disease/detail/31601031674369
基因检测,https://www.baikemy.com/disease/detail/34168835455489
甲胎蛋白,https://www.baikemy.com/disease/detail/34247899530753
甲状腺素,https://www.baikemy.com/disease/detail/34247941953793
肌钙蛋白,https://www.baikemy.com/disease/detail/34521812617729
精液颜色,https://www.baikemy.com/disease/detail/34668191555073
节律重整,https://www.baikemy.com/disease/detail/41020041916673
精液检验,https://www.baikemy.com/disease/detail/42812065144833
抗核抗体,https://www.baikemy.com/disease/detail/34248109355265
抗D效价,https://www.baikemy.com/disease/detail/35508927876097
淋巴细胞,https://www.baikemy.com/disease/detail/30670969746689
螺旋CT,https://www.baikemy.com/disease/detail/33611057641729
免疫抗体,https://www.baikemy.com/disease/detail/35509135564801
内镜检查,https://www.baikemy.com/disease/detail/19075688899841
凝血时间,https://www.baikemy.com/disease/detail/30671374814977
尿糖定性,https://www.baikemy.com/disease/detail/30952981623553
尿透明度,https://www.baikemy.com/disease/detail/31070500502529
尿钙测定,https://www.baikemy.com/disease/detail/31576230838529
尿钾测定,https://www.baikemy.com/disease/detail/31576333114625
尿磷测定,https://www.baikemy.com/disease/detail/31576387335169
尿氯测定,https://www.baikemy.com/disease/detail/31576453466369
尿钠测定,https://www.baikemy.com/disease/detail/31576504048129
尿白细胞,https://www.baikemy.com/disease/detail/34523665658881
尿红细胞,https://www.baikemy.com/disease/detail/34523987981569
尿渗透压,https://www.baikemy.com/disease/detail/34700425532929
尿酸碱度,https://www.baikemy.com/disease/detail/34700584578561
尿白蛋白,https://www.baikemy.com/disease/detail/35155989927937
男科检查,https://www.baikemy.com/disease/detail/39566167335169
尿液管型,https://www.baikemy.com/disease/detail/42724300047873
尿液细胞,https://www.baikemy.com/disease/detail/42724300526849
O2培养,https://www.baikemy.com/disease/detail/31957536293633
皮内试验,https://www.baikemy.com/disease/detail/33637947695105
PR间期,https://www.baikemy.com/disease/detail/41017936223745
排粪造影,https://www.baikemy.com/disease/detail/42543059442177
气脑造影,https://www.baikemy.com/disease/detail/33611283880961
羟脯氨酸,https://www.baikemy.com/disease/detail/35509671238145
QT间期,https://www.baikemy.com/disease/detail/41018260468481
气液平面,https://www.baikemy.com/disease/detail/42419054168833
气过水声,https://www.baikemy.com/disease/detail/42419056080129
乳酸测定,https://www.baikemy.com/disease/detail/31576789493505
Rh血型,https://www.baikemy.com/disease/detail/34100158087425
Rh因子,https://www.baikemy.com/disease/detail/34145619679745
酸碱反应,https://www.baikemy.com/disease/detail/30671659153665
神经内镜,https://www.baikemy.com/disease/detail/30846057117185
束臂试验,https://www.baikemy.com/disease/detail/34701430552833
双氢睾酮,https://www.baikemy.com/disease/detail/34701497451521
肾素活性,https://www.baikemy.com/disease/detail/35509911352065
腮腺造影,https://www.baikemy.com/disease/detail/42968839350529
痰液显微,https://www.baikemy.com/disease/detail/19078968495873
胎心监护,https://www.baikemy.com/disease/detail/33636641912577
唾液流率,https://www.baikemy.com/disease/detail/34160537954817
糖原染色,https://www.baikemy.com/disease/detail/34890735118337
唐氏筛查,https://www.baikemy.com/disease/detail/35822960061441
痰液检验,https://www.baikemy.com/disease/detail/42812091060225
同形现象,https://www.baikemy.com/disease/detail/42812172138753
酮体测定,https://www.baikemy.com/disease/detail/42941646358785
胃镜检查,https://www.baikemy.com/disease/detail/10432028588289
无痛胃镜,https://www.baikemy.com/disease/detail/19211266942209
胃液潜血,https://www.baikemy.com/disease/detail/31072503857665
外斐反应,https://www.baikemy.com/disease/detail/34259068912641
胃肠造影,https://www.baikemy.com/disease/detail/42946233047041
胃液分析,https://www.baikemy.com/disease/detail/42946245912833
血脂异常,https://www.baikemy.com/disease/detail/1731
血红蛋白,https://www.baikemy.com/disease/detail/30670619763201
血钙检测,https://www.baikemy.com/disease/detail/31600634420225
血磷检测,https://www.baikemy.com/disease/detail/31601143040769
血清尿酸,https://www.baikemy.com/disease/detail/31601287248641
悬滴试验,https://www.baikemy.com/disease/detail/31970167327489
血糖指数,https://www.baikemy.com/disease/detail/33309248724737
血清叶酸,https://www.baikemy.com/disease/detail/34142502180353
血浆黏度,https://www.baikemy.com/disease/detail/34161723625985
血气分析,https://www.baikemy.com/disease/detail/34161829283585
血球压积,https://www.baikemy.com/disease/detail/34161962813185
心输出量,https://www.baikemy.com/disease/detail/34182758920705
血型鉴定,https://www.baikemy.com/disease/detail/34259292403457
线索细胞,https://www.baikemy.com/disease/detail/34668515683841
雄烯二酮,https://www.baikemy.com/disease/detail/34713707975937
血氨检验,https://www.baikemy.com/disease/detail/34713808042241
血压测量,https://www.baikemy.com/disease/detail/34714370980097
血脂检查,https://www.baikemy.com/disease/detail/34714530970113
血渗透压,https://www.baikemy.com/disease/detail/35156415337217
血清尿素,https://www.baikemy.com/disease/detail/36084616879105
血尿素氮,https://www.baikemy.com/disease/detail/40644412168193
肖伯试验,https://www.baikemy.com/disease/detail/42420032886529
细胞内镜,https://www.baikemy.com/disease/detail/42724311214337
细菌鉴定,https://www.baikemy.com/disease/detail/42724311655169
心向量图,https://www.baikemy.com/disease/detail/42812092371201
心脏听诊,https://www.baikemy.com/disease/detail/42812092966657
心内分流,https://www.baikemy.com/disease/detail/42923994942977
孕前检查,https://www.baikemy.com/disease/detail/17575101046017
语音共振,https://www.baikemy.com/disease/detail/31862292378369
胰岛素原,https://www.baikemy.com/disease/detail/35510333445377
烟酸测定,https://www.baikemy.com/disease/detail/40644792820993
孕酮测定,https://www.baikemy.com/disease/detail/40644840006913
优生四项,https://www.baikemy.com/disease/detail/40736195878401
右心房压,https://www.baikemy.com/disease/detail/42923996478209
右心室压,https://www.baikemy.com/disease/detail/42923996586753
荧光内镜,https://www.baikemy.com/disease/detail/42968839916289
总胆固醇,https://www.baikemy.com/disease/detail/31602554683905
总胆红素,https://www.baikemy.com/disease/detail/31602608530945
总胆汁酸,https://www.baikemy.com/disease/detail/31602660137729
真菌培养,https://www.baikemy.com/disease/detail/31970619714305
真胰岛素,https://www.baikemy.com/disease/detail/35510414970881
振荡试验,https://www.baikemy.com/disease/detail/35510452475649
折返现象,https://www.baikemy.com/disease/detail/41020517124097
指压试验,https://www.baikemy.com/disease/detail/42419097039617
针刺反应,https://www.baikemy.com/disease/detail/42420033148673
直肠指检,https://www.baikemy.com/disease/detail/42546437011457
真菌鉴定,https://www.baikemy.com/disease/detail/42724313000449
酯酶染色,https://www.baikemy.com/disease/detail/42812134514689
左心室压,https://www.baikemy.com/disease/detail/42923997229057
子母镜术,https://www.baikemy.com/disease/detail/42941789358849
Ⅳ型胶原,https://www.baikemy.com/disease/detail/34145080465921
胺试验,https://www.baikemy.com/disease/detail/34667118017793
白蛋白,https://www.baikemy.com/disease/detail/31622280867841
补体3,https://www.baikemy.com/disease/detail/34247646537985
补体4,https://www.baikemy.com/disease/detail/34247709481985
丙酮酸,https://www.baikemy.com/disease/detail/34890699263489
勃格征,https://www.baikemy.com/disease/detail/42419095442945
杯口征,https://www.baikemy.com/disease/detail/42544128400641
笔杆征,https://www.baikemy.com/disease/detail/42544128570113
催乳素,https://www.baikemy.com/disease/detail/35508680228353
催产素,https://www.baikemy.com/disease/detail/40736037794305
大三阳,https://www.baikemy.com/disease/detail/33322348985089
氮平衡,https://www.baikemy.com/disease/detail/42419095749889
肺总量,https://www.baikemy.com/disease/detail/34492374053633
骨擦感,https://www.baikemy.com/disease/detail/31839867371009
骨擦音,https://www.baikemy.com/disease/detail/31839950839553
骨钙素,https://www.baikemy.com/disease/detail/34518374548993
横位心,https://www.baikemy.com/disease/detail/42946229771521
精液量,https://www.baikemy.com/disease/detail/34522021486337
淋球菌,https://www.baikemy.com/disease/detail/35509086681345
脑电图,https://www.baikemy.com/disease/detail/9943317724161
尿比重,https://www.baikemy.com/disease/detail/30671749143553
尿潜血,https://www.baikemy.com/disease/detail/30671884577025
尿胆素,https://www.baikemy.com/disease/detail/31069783677185
尿胆原,https://www.baikemy.com/disease/detail/31069882770689
尿卟啉,https://www.baikemy.com/disease/detail/34258779202817
尿流率,https://www.baikemy.com/disease/detail/34524048973825
尿常规,https://www.baikemy.com/disease/detail/40467196287745
尿隐血,https://www.baikemy.com/disease/detail/42724300742913
醛固酮,https://www.baikemy.com/disease/detail/35156251211009
ST段,https://www.baikemy.com/disease/detail/41018353137153
双边征,https://www.baikemy.com/disease/detail/42592870042881
铁蛋白,https://www.baikemy.com/disease/detail/33349933488385
胃电图,https://www.baikemy.com/disease/detail/42941646688513
心电图,https://www.baikemy.com/disease/detail/15474074376193
血清硒,https://www.baikemy.com/disease/detail/33365328933377
血常规,https://www.baikemy.com/disease/detail/34493242982913
血肌酐,https://www.baikemy.com/disease/detail/34493711558913
血清镍,https://www.baikemy.com/disease/detail/34713940721153
血清铁,https://www.baikemy.com/disease/detail/34714157144321
心肌酶,https://www.baikemy.com/disease/detail/42812091931649
心音图,https://www.baikemy.com/disease/detail/42812092517889
心胸比,https://www.baikemy.com/disease/detail/42923995175425
胰多肽,https://www.baikemy.com/disease/detail/34144842361345
氧分压,https://www.baikemy.com/disease/detail/34162167394305
游离钙,https://www.baikemy.com/disease/detail/35510376283137
脂肪酶,https://www.baikemy.com/disease/detail/31602462232321
总补体,https://www.baikemy.com/disease/detail/34259567979009
振水音,https://www.baikemy.com/disease/detail/42419054386177
肘膝位,https://www.baikemy.com/disease/detail/42544128881921
C肽,https://www.baikemy.com/disease/detail/35508567891457
睾酮,https://www.baikemy.com/disease/detail/34157499861249
喉镜,https://www.baikemy.com/disease/detail/12932872007169
精液,https://www.baikemy.com/disease/detail/9442496464129
J波,https://www.baikemy.com/disease/detail/41017119082241
尿量,https://www.baikemy.com/disease/detail/30671594603521
尿色,https://www.baikemy.com/disease/detail/30952869496577
尿碘,https://www.baikemy.com/disease/detail/34523889767681
P波,https://www.baikemy.com/disease/detail/41018010699521
头虱,体虱
T波,https://www.baikemy.com/disease/detail/41018458707201
U波,https://www.baikemy.com/disease/detail/41019779781377
血氨,https://www.baikemy.com/disease/detail/31576907315713
血糖,https://www.baikemy.com/disease/detail/31602225276161
血沉,https://www.baikemy.com/disease/detail/34161601655553
B超,https://www.baikemy.com/disease/detail/30686655015937
（1,3）-β-D葡聚糖检测
